-- MySQL dump 10.13  Distrib 8.0.21, for Win64 (x86_64)
--
-- Host: localhost    Database: fit
-- ------------------------------------------------------
-- Server version	8.0.21

/*!40101 SET @OLD_CHARACTER_SET_CLIENT=@@CHARACTER_SET_CLIENT */;
/*!40101 SET @OLD_CHARACTER_SET_RESULTS=@@CHARACTER_SET_RESULTS */;
/*!40101 SET @OLD_COLLATION_CONNECTION=@@COLLATION_CONNECTION */;
/*!50503 SET NAMES utf8mb4 */;
/*!40103 SET @OLD_TIME_ZONE=@@TIME_ZONE */;
/*!40103 SET TIME_ZONE='+00:00' */;
/*!40014 SET @OLD_UNIQUE_CHECKS=@@UNIQUE_CHECKS, UNIQUE_CHECKS=0 */;
/*!40014 SET @OLD_FOREIGN_KEY_CHECKS=@@FOREIGN_KEY_CHECKS, FOREIGN_KEY_CHECKS=0 */;
/*!40101 SET @OLD_SQL_MODE=@@SQL_MODE, SQL_MODE='NO_AUTO_VALUE_ON_ZERO' */;
/*!40111 SET @OLD_SQL_NOTES=@@SQL_NOTES, SQL_NOTES=0 */;

--
-- Table structure for table `calendar`
--

DROP TABLE IF EXISTS `calendar`;
/*!40101 SET @saved_cs_client     = @@character_set_client */;
/*!50503 SET character_set_client = utf8mb4 */;
CREATE TABLE `calendar` (
  `id` int NOT NULL AUTO_INCREMENT,
  `trainers_id` int NOT NULL,
  `clients_id` int NOT NULL,
  `datetime` datetime DEFAULT NULL COMMENT 'дата и время записи',
  PRIMARY KEY (`id`)
) ENGINE=InnoDB AUTO_INCREMENT=101 DEFAULT CHARSET=utf8mb4 COLLATE=utf8mb4_0900_ai_ci COMMENT='Календарь тренера';
/*!40101 SET character_set_client = @saved_cs_client */;

--
-- Dumping data for table `calendar`
--

LOCK TABLES `calendar` WRITE;
/*!40000 ALTER TABLE `calendar` DISABLE KEYS */;
INSERT INTO `calendar` VALUES (1,69,69,'1994-09-03 08:13:13'),(2,30,30,'2008-06-20 12:42:27'),(3,58,58,'1983-01-29 17:56:15'),(4,35,35,'1986-10-22 06:37:15'),(5,44,44,'2007-07-31 18:32:51'),(6,3,3,'1994-03-20 11:31:52'),(7,52,52,'2014-04-15 11:39:20'),(8,9,9,'2005-12-24 05:56:18'),(9,53,53,'2001-10-14 09:54:54'),(10,61,61,'2000-02-01 23:55:12'),(11,55,55,'1983-02-06 10:39:08'),(12,31,31,'1983-11-24 11:08:37'),(13,29,29,'2009-02-13 08:56:40'),(14,23,23,'1971-09-27 03:49:42'),(15,71,71,'2016-04-11 19:51:40'),(16,41,41,'1984-11-18 09:32:53'),(17,62,62,'2014-06-22 08:43:22'),(18,28,28,'1981-05-10 21:31:29'),(19,75,75,'1979-02-19 01:49:00'),(20,73,73,'1997-10-15 06:05:49'),(21,14,14,'2003-04-01 07:05:02'),(22,19,19,'1980-07-11 03:55:03'),(23,32,32,'1981-11-19 00:01:16'),(24,48,48,'1989-09-24 18:02:41'),(25,43,43,'1990-03-06 13:00:58'),(26,91,91,'1978-10-31 18:21:25'),(27,12,12,'2001-09-18 09:00:31'),(28,76,76,'2000-11-30 14:44:51'),(29,17,17,'1987-04-23 15:53:29'),(30,36,36,'2000-05-20 10:12:54'),(31,46,46,'1989-02-23 01:35:40'),(32,100,100,'1979-12-22 18:56:52'),(33,94,94,'1973-05-30 04:37:40'),(34,60,60,'2001-08-18 11:32:13'),(35,26,26,'1992-12-05 02:24:08'),(36,72,72,'1971-05-10 23:02:00'),(37,50,50,'1976-08-01 02:09:41'),(38,95,95,'2017-12-03 23:05:32'),(39,24,24,'1982-09-20 08:18:20'),(40,56,56,'1973-10-20 18:33:38'),(41,64,64,'2010-05-17 11:10:43'),(42,70,70,'2005-02-17 00:10:30'),(43,57,57,'1994-11-29 10:34:06'),(44,79,79,'1991-01-23 17:18:13'),(45,1,1,'1976-06-07 13:02:58'),(46,99,99,'2006-06-20 19:54:36'),(47,84,84,'1977-04-25 17:43:15'),(48,82,82,'1990-11-15 05:53:43'),(49,49,49,'1990-09-22 08:50:17'),(50,83,83,'1970-12-30 23:07:36'),(51,77,77,'1981-01-11 13:37:22'),(52,20,20,'2004-08-31 04:40:53'),(53,15,15,'2013-02-10 14:55:41'),(54,21,21,'1971-02-23 06:12:48'),(55,68,68,'1970-02-11 01:32:16'),(56,67,67,'1973-02-01 08:26:52'),(57,63,63,'2018-10-29 12:24:36'),(58,59,59,'1988-07-20 18:35:11'),(59,40,40,'1974-09-16 23:22:58'),(60,87,87,'1989-12-16 11:06:07'),(61,88,88,'1993-01-14 05:52:28'),(62,80,80,'2014-07-02 11:24:42'),(63,13,13,'1985-08-20 20:26:34'),(64,90,90,'2006-05-19 00:47:33'),(65,66,66,'1993-01-27 17:52:26'),(66,2,2,'2015-04-02 11:11:45'),(67,25,25,'2009-02-11 15:32:40'),(68,51,51,'2002-12-27 18:31:25'),(69,37,37,'1992-10-01 20:47:22'),(70,5,5,'1987-10-10 04:55:39'),(71,39,39,'1994-01-08 04:53:27'),(72,33,33,'2017-12-08 04:16:56'),(73,16,16,'1971-09-22 16:09:49'),(74,98,98,'1986-06-07 08:40:58'),(75,8,8,'2004-10-30 21:53:44'),(76,42,42,'1985-05-10 16:12:06'),(77,10,10,'1975-08-06 14:01:54'),(78,54,54,'1999-02-10 22:26:34'),(79,81,81,'2006-12-09 20:37:26'),(80,85,85,'1997-02-15 00:08:58'),(81,34,34,'1990-11-04 10:29:18'),(82,22,22,'1994-07-25 05:26:36'),(83,74,74,'1986-07-15 15:28:26'),(84,92,92,'1989-09-30 14:53:58'),(85,18,18,'1970-08-15 01:13:40'),(86,4,4,'1989-12-27 23:09:31'),(87,86,86,'2018-11-03 23:57:13'),(88,78,78,'2013-07-19 17:44:55'),(89,38,38,'2010-10-11 15:07:50'),(90,47,47,'1975-11-17 17:06:17'),(91,27,27,'2016-05-26 08:16:14'),(92,65,65,'1989-09-23 21:56:09'),(93,89,89,'2014-01-05 20:16:13'),(94,45,45,'1987-07-01 23:54:41'),(95,97,97,'1973-08-29 07:18:23'),(96,6,6,'2005-02-26 19:18:00'),(97,96,96,'2004-10-31 04:31:03'),(98,93,93,'1977-11-09 08:44:53'),(99,7,7,'2009-02-12 08:29:38'),(100,11,11,'2011-03-23 23:24:32');
/*!40000 ALTER TABLE `calendar` ENABLE KEYS */;
UNLOCK TABLES;

--
-- Table structure for table `clients`
--

DROP TABLE IF EXISTS `clients`;
/*!40101 SET @saved_cs_client     = @@character_set_client */;
/*!50503 SET character_set_client = utf8mb4 */;
CREATE TABLE `clients` (
  `id` int NOT NULL AUTO_INCREMENT,
  `first_name` varchar(100) NOT NULL COMMENT 'фамилия',
  `last_name` varchar(100) NOT NULL COMMENT 'имя',
  `middle_name` varchar(100) DEFAULT NULL COMMENT 'отчество',
  `phone` bigint NOT NULL COMMENT 'телефон',
  `gender` enum('m','f') NOT NULL COMMENT 'пол: m - мужчина, f - женщина',
  `address` varchar(1000) NOT NULL COMMENT 'адрес',
  `birthday` date NOT NULL COMMENT 'день рождения',
  `photo` blob NOT NULL COMMENT 'фото',
  `create_date` datetime NOT NULL DEFAULT CURRENT_TIMESTAMP COMMENT 'дата вступления в клуб',
  PRIMARY KEY (`id`),
  UNIQUE KEY `phone_UNIQUE` (`phone`)
) ENGINE=InnoDB AUTO_INCREMENT=101 DEFAULT CHARSET=utf8mb4 COLLATE=utf8mb4_0900_ai_ci COMMENT='Клиенты';
/*!40101 SET character_set_client = @saved_cs_client */;

--
-- Dumping data for table `clients`
--

LOCK TABLES `clients` WRITE;
/*!40000 ALTER TABLE `clients` DISABLE KEYS */;
INSERT INTO `clients` VALUES (1,'Lera','Schiller','Lemuel',9118282819,'f','76929 Gutkowski Dam Apt. 817\nVivianstad, KY 73654-7660','1999-09-25',_binary '6d3719eb44dafd99f47c766ff2fb5e2d41fcfcec770d8d11a7352b38fd970b7f','1971-10-03 04:39:54'),(2,'Kelly','Graham','Halle',9753106192,'f','100 Gleichner Stream Apt. 260\nHermannbury, DE 37090-8794','2015-01-28',_binary '561d74a1797ba765ef464a199dd8c4588b672fea7a44b5447911318879e463d4','1985-09-17 01:02:52'),(3,'Vanessa','Denesik','Zechariah',9092959151,'m','000 Hegmann Inlet Apt. 506\nMeredithville, NC 26913-8937','2014-08-13',_binary 'a9e76cc37ef793156cea8b87dc30c597284d36cf16fc455b3afb8716a70412f5','1982-12-19 07:45:24'),(4,'Jarvis','Macejkovic','Jacinto',9441637124,'f','3301 Nannie Shoals Apt. 708\nWest Herta, MD 72838-0403','1977-01-08',_binary '78e3d9b43a93314e0087b9a98eb1ed85846a05de58c2a13fcb0e0be41b64c8f4','1984-01-29 15:41:19'),(5,'Ford','Kertzmann','Austin',9641579173,'m','9925 Feil Walk Apt. 748\nNorth Fernandoshire, DE 57171-8901','2019-08-03',_binary '8cac1960728a252a1f524b451113dc498de52cf839f8ebe3c85187bec1722fb5','2001-09-15 21:55:28'),(6,'Timmy','O\'Conner','Angus',9461998965,'f','0511 Anastasia Mount Apt. 260\nHalvorsonton, ND 91995-2244','1990-04-10',_binary '6e15dff98ece59f56abcb00959ffa305796ed6490f3b43eb0d7b229526538e42','2013-03-19 22:27:31'),(7,'Rose','Veum','Melany',9425486070,'f','581 Willis Field\nEast Jazminfort, OK 94785','2011-01-09',_binary 'e640fe9032bf7da5bc2c524bf49c4b0e44ccb322ee1d3bf8ddfeaef7c3c56696','1978-01-15 07:05:51'),(8,'Jade','Buckridge','Jovan',9438608792,'f','358 Rogahn Rapids\nWest Odellport, WV 62303-9085','1978-04-15',_binary 'a7991dfbf18c92f5e56d6f1093acc5fbdb96e28a6204a3f50e6a334f21e35168','1972-10-29 12:20:22'),(9,'Leonora','Satterfield','Cary',9957208508,'f','556 Olaf Centers Apt. 851\nNew Theaville, AK 29822','2017-11-09',_binary 'f05cd0ff7949e8c0cf698dc96c2f8a142a6f39b2f2c86a284e31d10d1329b06b','2007-10-22 06:14:00'),(10,'Alene','Jakubowski','Chaim',9464942625,'f','936 Henriette Summit\nEast Vaughn, IN 58907-0947','2017-08-22',_binary 'b6a6ff8f0cfe271b6872dbdf55fed3c8b6a9848b0e88fdad1f97e43735e7008a','1985-10-02 09:34:27'),(11,'Marisol','Jones','Herman',9422992894,'m','8254 Bednar River Apt. 572\nLake Mckenziebury, DC 06910-0541','1982-04-26',_binary 'b56c2674eb0167573b4a7bc60d4787d07e10c035d179531e903f6de618b585c7','1998-06-15 02:03:10'),(12,'Sonny','Maggio','Jose',9629919189,'f','3975 Yundt Forks Suite 449\nWest Lenoraport, VA 52623','2004-02-25',_binary '31903bece84cff9f55836a5cea8280b33282016c53319e22bc04bf68cd709db6','2013-08-02 00:10:57'),(13,'Francis','Friesen','Tyson',9247996765,'m','52781 Mohr Glens\nOrnborough, SD 12811-3587','2014-12-24',_binary '8308aeadbcc95b84a078fed73a6af6673602fc638681cb867dd54a66186815f3','2001-10-17 15:33:04'),(14,'Lamont','Nitzsche','Rey',9616717302,'m','90328 Marisa Extension Apt. 506\nPort Annamarie, NY 38493-2003','2009-06-12',_binary 'dc90a7d5748a00b49a1c74b77c05aff3f4803ed8ca393838cd80623b91548202','1984-07-19 12:19:03'),(15,'Isobel','Cremin','Wilfredo',9927521330,'f','5339 Rebecca Forge\nSouth Taya, KY 03460','2000-05-12',_binary 'a26e479fd6ed856b7e7049a1ae5344852afee7dec3d4940736c0b8dc323dec16','2018-02-26 21:12:45'),(16,'Darian','O\'Kon','Randi',9243139764,'f','411 Summer Knoll Suite 692\nBergnaumtown, CA 93901','2004-01-20',_binary 'e7ea0ed0ee4a1dc44008128a0d69fe62e47d0fcdf9146206fb5dcaeba5cc1bf6','2017-03-12 07:40:29'),(17,'King','Homenick','Alexander',9974335834,'f','291 Jaycee Ferry\nScottyfurt, OK 42602','2007-03-22',_binary '85d404a68365c09cf9fdc5a064b85fdd66f96ef090cfcc9070bdf6c1f2beab35','1984-09-05 23:11:30'),(18,'Mabelle','Powlowski','Cielo',9866604319,'m','7310 Tyrel Route Suite 957\nEast Dustybury, WY 08436-1693','1973-05-18',_binary '3ab08de84af903b6ff0a69e7cc49f8f0b4127968e91a816e903961bd15990fb7','1998-03-08 10:51:33'),(19,'Eliane','Gerhold','Marlin',9088243477,'f','72190 Senger Centers\nNew Haileyton, CT 00388','1980-06-06',_binary 'fb68fd6d774b138c835ddafc97c98f46e7329177230d402131d210240a77f2d3','2003-11-12 12:44:25'),(20,'Jeromy','Ankunding','Damien',9290181398,'m','340 August Coves Apt. 562\nAglaeland, KY 15344','1989-01-24',_binary '76108444cde629cd0f9930f75281d981f4baa66a9a02ca7efde06914963e3274','2017-04-24 10:51:16'),(21,'Lelah','Legros','Jarret',9309264361,'m','40537 Bradtke Radial\nDonnybury, SD 01313','1992-12-17',_binary '1e60ef7dcf1985305b9c72a0e2956d9532256f9d1147ee3040d68aa21a5b47f7','1988-02-09 02:44:35'),(22,'Sid','Runolfsson','Anastacio',9049094514,'f','616 Sigurd Road Suite 623\nNew Blaze, MN 13940','1995-10-25',_binary '6980f4e0fc2de29879ae7d3669c4deca8653cc13ffc59b5940878aeb8f2d40be','1992-12-30 10:24:03'),(23,'Flo','Lynch','Helmer',9865891965,'m','575 Ford Glen Suite 173\nWest Lorna, AL 61009','1998-12-10',_binary '4060a9bddfb92dd1c4d77d84bd04b6e84f98318610eacd8f869aeab9ce167012','1976-02-07 01:08:11'),(24,'Josh','Dicki','Kelvin',9615285521,'f','67316 Olin Spurs\nKadenborough, NH 29838','2016-09-06',_binary 'f724557f9044171e03b701503e983a378e6bc5f6667c73fecadea2e2fd7c027a','1988-07-10 09:49:26'),(25,'Alvah','Towne','Carey',9708947337,'m','9217 Kyleigh Rest\nSpencerland, MT 61177','2002-12-30',_binary '8e2023159185187f09dd1d3d5227813df91d85154638f3e9174c31dd216d68ab','1990-06-16 04:41:24'),(26,'Liam','Kutch','Rico',9917580630,'f','6628 Shields Skyway Suite 914\nPort Damien, KY 94206','1989-12-23',_binary '77f1e5c04d241ea1dcc7e6c58a0ff5840fcbe6976201a1e22b62d69584f3e897','1975-05-13 00:52:16'),(27,'Lloyd','Swift','Amani',9785849733,'m','13150 Lessie Mall Apt. 883\nNorth Julianne, OK 23017','1985-11-15',_binary 'b4de89e81c533f9816ba1af94417348d73ffc07369ea1bda6e76e50ae6dac169','2005-07-26 18:40:16'),(28,'Marley','McCullough','Alexys',9130905569,'m','63820 Paris Alley Apt. 911\nNorth Kathryne, OH 24363','2012-11-19',_binary '29d0aaa9af42fe317528a32b31ebf60db9e8a46b025849649483233cf80ae87d','2019-05-22 15:01:14'),(29,'Joelle','Hessel','Emmanuel',9496259175,'f','320 Garth Pass\nNew Precious, AR 36285-8337','1991-05-04',_binary '4e5e5a8b2517abf46c0e5b54854e2672373bc654ba7f62c4cf5dd5e923d99d32','2016-11-18 14:52:38'),(30,'Joshuah','Cole','Odell',9472490523,'m','172 Romaguera Corner Suite 273\nArdithbury, MO 70190-2907','1979-03-14',_binary 'ba5dfba49faeeff4c5a1bea1026069f8f14c650c405c14aac6c45bcfd8e8ffb2','1987-01-21 19:23:57'),(31,'Magali','Berge','Alexandre',9085553046,'m','3009 Whitney Islands\nElishaport, ND 96378','1975-12-22',_binary '49531be92542dd881830c6c13ee23fed6386ae133a27ec114fc33d6959a66386','2007-07-27 12:41:22'),(32,'Benny','Littel','Colten',9557975706,'f','49984 Powlowski Heights Suite 761\nLydialand, AZ 69843','1998-05-06',_binary 'de35e08b7be0758b90c4beda4cd35e6edf24a9d88f33f664b6a32bf637a258d4','1975-04-04 14:40:20'),(33,'Erika','Stamm','Nickolas',9048603176,'f','01997 Alyson Prairie Apt. 532\nLake Clyde, MD 86928-9214','1974-02-15',_binary 'ac6edd42504cc95ad8908f0fc3fda00e82ec2c14a73ec0364977adb7af239937','1978-08-29 13:07:32'),(34,'Jake','Altenwerth','Eino',9623481030,'f','077 Prosacco Curve\nLake Maya, AZ 93679','2004-10-05',_binary 'b2f215b92256654c92e334080016d3c58b80236431263605fac7694c6d8067ff','1988-06-24 07:28:11'),(35,'Erwin','Dooley','Faustino',9230036240,'f','7713 Roger Island Apt. 390\nEleazarberg, LA 71271','1973-11-04',_binary 'dbc3b195702f1b9215a9862260eb348ac17202e074aa35af517d1420e95ae531','1977-05-30 12:25:06'),(36,'Vito','Berge','Bud',9444558187,'m','400 Waters Common\nBlakeborough, AL 88101','1994-05-01',_binary '09b13ca34041af9e192cdfa4675a161440742559237b2a783c7c691f81a43139','2019-06-06 16:50:39'),(37,'Jayde','Klein','Winston',9015778572,'f','892 Marta Fords\nCasperchester, OH 82723','2007-06-23',_binary '4dc19d1f4743e54b3c36be73ffcf15d46ffefe00ee011062fa5e739e9a218895','1972-09-10 03:12:17'),(38,'Conner','Herzog','Logan',9606630920,'f','3074 Terrill Path Suite 392\nPourosstad, ME 76448','2011-09-05',_binary 'b9704b1730a796b6d546cb7da9e567ee59ce7b6fb2c7c2076f8deb19e48fce44','1974-01-02 21:36:25'),(39,'Chelsie','Hegmann','Ali',9695382447,'m','40611 Ritchie Plain\nAbshirefort, TN 12103-7656','2011-03-27',_binary 'c6ed9f6016dfad4537bea37f6e28649203c0734d0bdab5251c299030db554fc9','1984-08-26 11:06:51'),(40,'Alexandra','Buckridge','Lloyd',9669397873,'f','009 McLaughlin Route\nLitzyberg, SD 94506-8609','1973-08-18',_binary '969b8eb83024a5dcd2a26a9a0478e3e58adce9e8710e7d6bb37c1e053d3c0ee9','1979-02-23 14:09:30'),(41,'Russ','Langworth','Clemens',9481848529,'f','1848 Bernard Point Suite 786\nBeierstad, SD 84681','2013-08-05',_binary 'aa749068f5db8dbb7bd57d1b7289654ebd4574373d632553a2f844cad3c8363d','2004-01-16 22:19:15'),(42,'Keaton','Gutmann','Mekhi',9534925342,'f','3079 Kaitlyn Club\nSouth Christina, TN 79262-2378','1981-03-08',_binary '5331ce2ecf00fc55f5ff791ff24aaac3f4e4e606f122603d185d053817a463c1','1987-07-15 07:16:58'),(43,'Solon','Larkin','Immanuel',9876012405,'f','1551 Baby Hill Apt. 396\nBrakusside, CO 55793-8224','1998-06-12',_binary 'af6bda745f089643820a49e67a05e2040f5f1a265a32ea457412d919f4a1a24c','2010-10-02 22:47:27'),(44,'Johnathon','Nolan','Jonathan',9823861271,'m','217 Emilio Haven\nStrosinfurt, SD 72907-6856','1988-04-03',_binary '4537d947012316ccdfd7108d69241a7b9d4e89647de1df19ba4819f3898901dc','2017-10-08 08:30:11'),(45,'Jose','Gulgowski','Fredy',9769489344,'m','4383 Bartoletti Stream\nNew Anastacioport, VA 31585-7369','1971-11-26',_binary '6efc495c0c2d5c0b02abe969de8e2d49e5feb6a1ee2622d508e41bb8c0e4019c','2016-08-05 02:29:37'),(46,'Ezekiel','Medhurst','Olin',9670863581,'f','3811 Maggio Prairie\nProhaskashire, MN 05016','2018-11-14',_binary 'fb2398093e657caa9812a67aa6f1f8edc3865c74c709f6331151131099f449d3','1975-02-22 01:44:34'),(47,'Missouri','Lueilwitz','Modesto',9652094019,'m','315 Horace Haven Suite 380\nWest Sabrina, FL 38411-8249','1977-03-30',_binary 'ccb3be68b75d9a4743f236fef21f9a6ce64e262271856c0bbc8468172dafc01c','1988-11-23 17:40:37'),(48,'Leone','Towne','Sim',9936684492,'m','49885 Daniella Parks\nMillerfort, NY 40284','1989-06-26',_binary 'f21e7823badfadc912b34fca34ed6c0994b043957be051e6b6f91bd12b3ed189','1978-10-04 10:15:11'),(49,'Koby','Gleichner','Orville',9509491247,'f','962 Sipes Knoll\nSouth Chesley, VA 99132','1986-02-24',_binary '3cd5c4fc8ef14ae75bda15f9f36ba5131664152ba4e4dfddf05595a1dbea4fb0','1981-06-18 07:25:41'),(50,'Ana','Beier','Lazaro',9231322028,'m','4291 Reanna Club Apt. 202\nHamillburgh, SD 82898','2020-08-15',_binary 'e37b4a7cf6b4f33e0077012e9e5ae27c96dfee01331f6eafdd3f2012af667f72','1998-04-20 08:55:41'),(51,'Tad','O\'Connell','Nikko',9665926387,'m','83147 Marks Crest Apt. 962\nCollinstown, MA 55567','2017-07-23',_binary 'bc4795311fccabdafb4f33e4c8344f0d9676c3dc0ef834386224e42bbbaac9c0','1983-05-05 00:01:24'),(52,'Orie','Upton','Rene',9530663750,'f','846 Donnelly Glen Apt. 659\nBernhardfurt, FL 97533-1561','2010-07-01',_binary 'c9daf07f5a3d6e08def46e6d5ad8cea3718efb90378ccc19caeac45279c4fe2a','2016-05-24 21:01:00'),(53,'Alva','Bradtke','Fern',9121577133,'f','52817 Boyer Haven\nWest Mistyville, DE 61468','2001-12-26',_binary '75134de1e00e1a872e4ad335be2f61fc2571b327356d8db0241635b5a1d6fdad','1990-02-11 13:50:54'),(54,'Logan','Crist','Javon',9451640808,'f','575 Johns Knoll\nGreenton, MN 30404','2011-02-15',_binary 'c9e9f4146ac94a2e8fbe60e5d814331c5995db46278cf229716a263c4ffa2e6c','1971-05-03 16:48:17'),(55,'Haskell','Heller','Kirk',9818144407,'m','17609 Jamel Summit Suite 280\nRemingtonside, MO 89518','2000-05-24',_binary '28f9c92f2b79d231c0cba64dcaf0239b2a0fca3263e8ed06f919f1662c923d18','1996-05-06 12:47:06'),(56,'Fritz','Cassin','Rogers',9079685218,'m','76117 Hills Viaduct Apt. 521\nJoseport, SC 73917-7846','1980-10-05',_binary '25b20685b4a2b69d455a0ce99c170c8c4f292404b70134e95add941c773fb635','1990-05-13 03:17:18'),(57,'Agustin','Goodwin','Chadd',9861374159,'m','21236 Grimes Harbor\nNorth John, UT 11113-4024','2012-11-21',_binary '6ea3efd0d4158372addfcf1128d528b3d4666cc43cdd0863cf3052fa200f36f8','1997-01-08 18:48:41'),(58,'Cheyenne','Stamm','Malcolm',9054882218,'f','020 Danika Plaza Suite 922\nSipeschester, AR 92747-3904','1988-07-10',_binary 'eef8d199ec93d9150f8a8da2b09fe5f9c7ad8f6059a15bf1f20e5a45048c1bdb','2005-11-13 00:55:57'),(59,'Edyth','Hirthe','Kim',9466897396,'f','5952 Madie Drives\nJohnpaulmouth, IA 24272','2015-11-07',_binary 'bc779564b3f1649cbb040ae912d2ad0dfec47580ba26091bb34ac48f9c217371','1992-05-10 07:13:53'),(60,'Ewald','O\'Connell','Emmanuel',9293548711,'m','721 Bosco Drives Apt. 011\nShannafurt, OR 40821-1301','1970-08-28',_binary 'dce2040b9372b81217568b8a0af569cc2b7c1772fdbca2f2ea03e1aeb29d2248','2017-12-06 19:05:22'),(61,'Imogene','Hilll','Lula',9140614749,'m','282 Leuschke Locks Suite 077\nLake Leta, WY 48426-8201','1990-05-05',_binary 'ab8c57acad84d84f8e0a30c76a53746fb92bd6f526f3b781adf13ec5fbbf6dd3','1985-12-04 01:02:47'),(62,'Michele','Kunze','Colin',9472488368,'m','13083 Beau Cliff\nSouth Jakayla, NH 44327','2011-02-19',_binary '0b9cec7ed3a9d378801d516eee6e0e7b8c6358cc563913ea548ebd22caf96fa9','2011-08-13 03:07:20'),(63,'Werner','Leuschke','Amir',9073815124,'f','19206 Cristal Track\nJohnathonland, OR 02167','1980-01-23',_binary '62fa287c4971842787b584814b2c2726c91924ed303318c8580b18c1ee687ac6','1986-12-22 02:55:05'),(64,'Sibyl','Mills','Lamar',9628117167,'f','4939 McKenzie Cliff\nBoganstad, MT 56044','2020-08-14',_binary '71e9be5328a5667b6965bee49d488725514561bba9c2fcb85625fbfe81874ecc','1983-07-03 22:36:23'),(65,'Lola','Harber','Darion',9694665863,'f','39217 Simonis Fields Suite 772\nLake Grady, CO 76371','1983-11-29',_binary '69f8b2891ba808ff34aab6dcd5c0e57525ece73d5f57e322ed692b40964fd270','2019-12-09 12:45:30'),(66,'Lawrence','Aufderhar','Merlin',9597591291,'m','36754 Alvina Underpass Apt. 959\nNorth Thelmaborough, OH 95918-7004','1970-09-10',_binary '201befdc3b3900e2a173f6ad74e707aa85783720f9278e4c54a7b5b9b0a28366','1973-07-08 13:31:34'),(67,'Melvin','Lowe','Broderick',9577789822,'f','752 Kassulke Plains Apt. 286\nNorth Vickiefurt, MA 85593','1993-10-11',_binary '3b34cd8db11345fdbe8f8df9d295100f1cd70c334857923f1e2a8aa0d38ec467','1986-03-03 03:05:14'),(68,'Noel','Gusikowski','Wilhelm',9469919574,'f','4578 Fisher Lane\nSouth Emilia, CA 08982-6311','1988-08-13',_binary '3af4dbb53dbadf90f250c4311c71b10ef0b28c68384ba6205a323fd05d2b3a67','1984-01-16 01:50:26'),(69,'Gideon','Cruickshank','Ethel',9584269244,'f','19815 Von Harbors Suite 479\nMillsmouth, TN 99831-3518','1983-06-20',_binary '44f2bd941bd418884fbf6dbb9b1e9f89f2e4bde6f63ddea243cd859620747886','1981-06-18 18:21:52'),(70,'Kasandra','Denesik','Brown',9867566241,'m','0627 Kerluke Terrace\nHildegardside, MO 66052','1998-04-24',_binary '781db5b1a1ed8dc24772452e2abbb8e82c37b8178e7c781ae811b3e93e1b2c3e','2020-08-16 20:50:31'),(71,'Retha','Sawayn','Reagan',9579007905,'f','99848 Ron Garden Suite 655\nWest Jasper, VA 73681-1445','1981-11-16',_binary 'e6794a405c8f1ff6723a30fe1e3a5f1cee66f8ad2e3ae6995e2f076bbd5e1608','2005-08-18 23:32:48'),(72,'Gianni','Koelpin','Percival',9987299175,'f','775 Antwan Burgs Suite 589\nKristashire, AR 88551','1975-04-30',_binary 'da2b556ebdf7f49cfddfcd2b479e028f504f41b403544808317315a2b8eb68b4','1984-09-05 12:37:29'),(73,'Hosea','McDermott','Alvis',9292812972,'f','490 Abshire Mission Suite 787\nNorth Ashlee, NE 08428-2444','1986-09-12',_binary '18f1b6f29821d62e55d99b189b58bbf93b88680fe2c211dc593c7e96e9a2a7a7','1971-10-25 10:38:04'),(74,'Ally','Marquardt','Royce',9919587846,'f','544 Waters Mountains\nLawsonmouth, TX 86479','1994-09-17',_binary 'b500d7dab1d6e40dbda7253ea4409a401d4d3c9337e15fd0e050e6d5af9aecb6','2005-01-31 20:49:12'),(75,'Kole','Ankunding','Adolfo',9437637381,'m','4653 Herman Spring Apt. 227\nDanfort, NY 55996','2016-04-23',_binary '71fa615b9efcbdb452942d70adc9dda783c255ff58e3fa02622a0ab9b66a8bb9','1997-06-27 11:19:44'),(76,'Hector','Conn','Ray',9202655001,'m','927 Bechtelar Turnpike\nWalkerport, VA 45300-9267','1976-12-29',_binary '3f4794dc5eea0db1b4ef416bccb9b43f26abd25d46e908b42636f737c59e85fd','1985-04-23 04:11:17'),(77,'Ezequiel','Stracke','Muhammad',9654346389,'m','556 Steuber Ridges\nSouth Rafaela, KY 84471','2015-11-10',_binary '6a0d27b88d84d5bf81057238dec745f3be4b562a2133648b2b1b143430f02f16','1992-07-08 21:17:25'),(78,'Moriah','Mosciski','Muhammad',9528516401,'m','349 Ella Stravenue Suite 446\nPacochahaven, MN 08409-1191','1977-10-04',_binary '036f72a2d3a3640fb000058ffea8db96f28acd9b35eff68c29fd1261700570ad','1985-03-18 17:24:10'),(79,'Humberto','Torp','Davon',9349713600,'m','7718 Braun Mountain\nPort Madilynbury, SC 04171-1490','1998-12-24',_binary '2b05ad7986b8c4cf0f6f0dc7795a273f6618248fd5796a71d1723a42fdd03d7c','1987-01-23 19:53:18'),(80,'Amir','Mills','Claude',9740372173,'f','806 Cole Port\nWhiteside, NJ 37615','2000-10-20',_binary 'c23016f27f10807991bb18922ebc7421b0d03606a9407eccce1f199185d1e090','2015-06-07 20:52:52'),(81,'Dorian','Stehr','Conner',9533706219,'f','5925 Eleanora Landing\nSouth Ettie, UT 78317','2015-06-20',_binary '262c308fea2ffcce6923ba93a9c81e9c92e617e8f7a7948638ecb4852decd6d0','2007-11-11 06:52:59'),(82,'Kianna','Huels','Orin',9941339530,'m','0740 Dora Lights\nJazmynmouth, WI 16234-6685','2012-01-22',_binary '8df12cb0cce48da442bab6df753ad57426dec04bfff36f560b69e8e3c2215ae4','1998-11-08 00:01:02'),(83,'Edyth','Russel','Warren',9957098621,'f','84269 Rolfson Brook\nNew Marty, WY 99806','2013-02-27',_binary '7f59546a5e0fdf57655537f98ceb5f8c868b4070e79889062bce31ae63a2a7f8','1979-11-12 02:45:17'),(84,'Clifford','Heller','Florencio',9436486549,'f','4088 West Turnpike Apt. 033\nAglaeshire, CT 02543-0146','2016-05-10',_binary '4ab5c6d4978c0fa7fd14b9529494e309f85d90010d197ed1317da57b1593abb4','1982-05-09 18:49:00'),(85,'Gideon','Reynolds','Wyman',9689858235,'f','670 Quitzon Terrace Suite 488\nNew Alize, SD 37897','1986-10-02',_binary 'e36b2b746f82e16228b4851f590238c01d4e300a0750b39efa5d42a4ac37cf29','1977-02-04 18:42:35'),(86,'Korbin','Haag','Buford',9542122627,'m','054 Nienow Plaza\nNorth Elianehaven, CA 48792','1970-04-13',_binary '57360bb0cca704975d31b9516f411ce5bd8de031fb56e042c07101a18adf00f2','2001-01-01 14:34:26'),(87,'Karlee','Raynor','Rowan',9624585715,'f','828 Anderson Station Suite 123\nRempelstad, MD 39078','1976-09-02',_binary 'a96884c4082bc8243baf2dd55d05c0f9908ab6cd7457bf98c0f19f200206694b','2003-11-12 08:32:37'),(88,'Barney','Harvey','Jovan',9817855210,'f','89890 Casper Mission Apt. 947\nGiovannishire, LA 20192-2261','2004-04-04',_binary '2815a1914952446f7fcf56d459c726d23ec6e5c8644a9627b0f78ef0467bf50d','1982-06-23 19:28:14'),(89,'Rosalyn','Mayer','Forrest',9717843442,'f','333 Kiehn Unions Suite 200\nDavonteberg, ND 35127','1973-11-03',_binary '1ce2cf9c00037e0eba8e73e335d7cf11150d61c4cd686cb0f411d01333256956','2000-07-05 13:09:30'),(90,'Mckayla','Cole','Weldon',9339562446,'m','0762 Lakin Mountain Suite 365\nEast Frankie, OR 67373-7187','1974-09-03',_binary '9e2aeb46df9403f337769175334a4964f9ca632660b09c1100bbe27ad1f1502d','1978-10-19 14:11:55'),(91,'Amara','Beatty','Barney',9244086609,'f','1452 Chaz Squares\nWest Marie, MA 28017','1981-11-09',_binary '1df91d625e9c60543fc2a809ee80bc9058d3a70871749646cab3d9d246ffc661','1990-05-15 17:27:04'),(92,'Ceasar','Little','Enid',9581159803,'f','59230 Huels Lakes\nBartellhaven, GA 03074','1995-10-01',_binary '87aa772d558eec3593f73f8bf3eb548b749319b779c6a1f9820145165ced8ebc','1987-12-24 14:47:26'),(93,'Soledad','Welch','Arlo',9726094744,'m','172 Audrey Spur Apt. 278\nNew Hugh, IA 89446','1990-04-22',_binary '4ae08f309e74f72e0ff4ea5bc85774b3c5e657f7f5272a9763acdb40f2ee01fd','1981-11-28 10:26:29'),(94,'Ezekiel','Schneider','Eduardo',9518310390,'f','596 Schuster Creek Apt. 788\nEast Beverlytown, IN 11269-5700','1980-08-25',_binary '28c4b6e65df7e4d8c6294d4a4fbb8d6878d6d742420e18432192ac3dd5756fe1','1995-07-25 17:37:34'),(95,'Meaghan','Reynolds','Ezekiel',9532014996,'m','39818 Pouros Isle\nNew Andersonton, FL 50171','1972-01-22',_binary '3aa10c5d5511385edf699f43b82ba81007cff194639d1a29f51f77be3c408dc7','2002-09-08 08:44:03'),(96,'Stephany','Sporer','Gordon',9956637578,'m','922 Loyce Turnpike Apt. 485\nSouth Isaacmouth, CO 01836','1999-10-05',_binary '32ef4be929c2d62a468032d99fac718e5c0c6e98200a0303c89bd144d314e052','1991-06-29 13:42:35'),(97,'Leonor','Botsford','Mikel',9370059102,'m','69153 Shanahan Drive\nWest Curt, ME 27984-3776','1994-05-24',_binary 'fa585e721920b6d425ee341c7694b3d122f1f2ffcabb947650db75b31c773890','2019-09-02 08:13:13'),(98,'Ashlee','Becker','Max',9987640251,'m','228 Bauch Pines Apt. 287\nWest Darylmouth, CT 17182-5398','2012-08-28',_binary '1e7c25d81e9db2e434fcf29565540d22bbc44165954dba166aadfed79b8da035','1985-06-24 13:12:17'),(99,'Hilda','Frami','Erich',9293753254,'f','33478 Nyah Glens Apt. 655\nGabriellastad, ND 96080','1983-05-10',_binary 'cac26c5e04c9ed5096d11bbc280ba2a8446b8e56e644098d247e025e2e0ddc2a','2014-05-24 23:13:01'),(100,'Savanna','Kub','Christ',9334448210,'f','940 Flatley Lane\nCrawfordland, NH 81919-4325','1999-07-29',_binary 'dd1ba156b33170eb0caa5f6e926fae269951e18577a11aef2bff6b0df60e6051','2002-05-09 16:02:00');
/*!40000 ALTER TABLE `clients` ENABLE KEYS */;
UNLOCK TABLES;

--
-- Table structure for table `education`
--

DROP TABLE IF EXISTS `education`;
/*!40101 SET @saved_cs_client     = @@character_set_client */;
/*!50503 SET character_set_client = utf8mb4 */;
CREATE TABLE `education` (
  `id` int NOT NULL AUTO_INCREMENT,
  `trainers_id` int NOT NULL,
  `sity` varchar(100) NOT NULL COMMENT 'город',
  `name_institution` varchar(2000) NOT NULL COMMENT 'название образовательного учереждения',
  `type_education` enum('i','с') DEFAULT NULL COMMENT 'тип образования: i - институт, c - курсы повышения квалиикации',
  `name_education` varchar(2000) DEFAULT NULL COMMENT 'название курса/специальности',
  PRIMARY KEY (`id`)
) ENGINE=InnoDB AUTO_INCREMENT=101 DEFAULT CHARSET=utf8mb4 COLLATE=utf8mb4_0900_ai_ci COMMENT='Образование тренера';
/*!40101 SET character_set_client = @saved_cs_client */;

--
-- Dumping data for table `education`
--

LOCK TABLES `education` WRITE;
/*!40000 ALTER TABLE `education` DISABLE KEYS */;
INSERT INTO `education` VALUES (1,1,'Eum voluptatem sunt assumenda rerum atque possimus. Expedita ut excepturi totam. Quibusdam praesenti','Et dolor ullam vel omnis hic. Id ipsam veritatis molestias non rerum molestiae sapiente. Voluptatum voluptatem sunt accusamus.','с','ipsa'),(2,2,'Earum eligendi accusantium ut rerum molestiae. Modi inventore velit soluta sunt. Omnis ut dolorem si','Qui sit ea id quaerat. Sint quisquam maxime placeat quos aut. Sed accusamus amet voluptatem aliquam.','i','autem'),(3,3,'Omnis sed nihil sit cum. Et et nemo numquam adipisci molestias. Vel aut numquam consequatur eligendi','Vitae eos mollitia minus animi aliquam et perspiciatis amet. Consequatur a illum possimus. Ut atque repudiandae quisquam odio sapiente assumenda.','с','aspernatur'),(4,4,'Aperiam et voluptatum ut veniam nostrum. Placeat optio eveniet nihil eos explicabo eos soluta. Assum','Illum iusto laborum perspiciatis cupiditate earum architecto iure. Vero qui perferendis et est. Qui perspiciatis et ut officia consequatur autem in. Amet sed voluptate magnam quaerat.','с','velit'),(5,5,'Repellat sed quo quis ipsam. Facilis est qui excepturi voluptatum. In facilis provident vel modi.','In laboriosam suscipit ab id reiciendis cum porro. Praesentium nemo iusto eum quaerat ad. Corporis laboriosam laudantium a et.','с','ab'),(6,6,'Ipsam omnis molestias illo. Perspiciatis incidunt aut eligendi est dolor. Architecto et nobis molest','Ea laudantium dignissimos rerum ab. Et quo sint voluptatem aspernatur commodi adipisci a doloribus. Minus eveniet similique quibusdam rerum atque et. Exercitationem sint rerum ut eos est itaque.','i','officia'),(7,7,'Est mollitia odit tempora velit et. Voluptatem esse nemo libero voluptas sed distinctio quisquam. Od','Autem recusandae sequi qui. Fugiat ex totam deleniti earum sint cum qui. Illum aut explicabo optio fugiat in illum.','i','voluptate'),(8,8,'Iure deserunt nisi recusandae explicabo in. Ea sed beatae minima in culpa optio totam. Explicabo vol','Cumque aut error ab quos ullam. Sint et id reiciendis aliquam. Error est blanditiis voluptatem qui culpa ipsa. Voluptatem magnam nisi quae nobis ipsa ea adipisci.','с','fugit'),(9,9,'Sunt quia itaque tempore sint earum amet. Tempore eos excepturi illo natus quam ut assumenda. Conseq','Provident qui id consequatur blanditiis. Voluptate animi autem facilis dignissimos. Fugiat numquam tempora quisquam ipsam libero.','i','soluta'),(10,10,'Non ab enim aspernatur eum. Neque et vitae quia rem ut sit aut vitae. Consequatur est voluptatem et ','Consectetur mollitia est accusamus quia et nesciunt aut. Natus voluptas est quos est corporis. Omnis distinctio earum qui quod laudantium sit quas. Saepe sit in fugit quia.','i','dolor'),(11,11,'Suscipit voluptatem vel tempore sequi dicta. Velit eveniet nesciunt dolorum mollitia. Sint at aspern','Incidunt repudiandae sit facere dignissimos quo. Vero praesentium et voluptas minima vel. Sequi ut iste nihil a qui maiores.','с','molestiae'),(12,12,'Consectetur sit rerum velit. Est nam eveniet aut enim. Autem incidunt unde porro alias enim expedita','Nihil est aut non et. Quia eveniet similique eum dicta sint laborum. Aliquam ut et repellendus fuga. Harum modi reiciendis qui rem et blanditiis praesentium. Dolor fugit molestiae soluta consequatur.','с','consequatur'),(13,13,'Adipisci laboriosam dolorem at iusto sed velit. Est non officiis ex.','Quia expedita nemo deserunt minus. Unde eum iure dolore et rerum aspernatur. Doloremque et totam exercitationem odit.','с','ab'),(14,14,'Aliquid animi molestiae omnis unde aliquid sequi. Officia dolores tempora voluptatem consequatur inc','Est ad voluptate sit. Magni numquam est iste exercitationem beatae. Sint molestiae veritatis quia quia sed vitae. Fugiat dignissimos dignissimos ipsam nostrum sunt omnis.','с','ut'),(15,15,'Illo dolore aliquam voluptate repellendus itaque quibusdam. Nemo debitis ut provident consectetur po','Vero sunt aspernatur vitae deserunt pariatur. Ut ad magni ex provident voluptates perspiciatis assumenda. Harum dolor optio qui vel doloremque. Sunt dolore qui deleniti voluptatem nostrum enim.','i','corrupti'),(16,16,'Debitis iusto amet magni. Et ut commodi ducimus ea. Natus ipsam quod repellat sunt possimus consecte','Maxime molestias eos et autem velit. Neque corrupti rem fugit consectetur tempora dicta. Dolore consequuntur ut totam quis vero enim eos delectus.','i','esse'),(17,17,'Nemo totam deserunt sint et. Vel voluptate iusto distinctio non eius quia.','Delectus veniam debitis delectus optio. Animi quia voluptate est omnis laboriosam voluptatibus quia. Quaerat aut est quasi ut. Et accusantium quibusdam voluptas et reiciendis architecto.','i','eos'),(18,18,'Aut officia eum voluptate laborum quisquam sed. Praesentium reiciendis cupiditate unde tempore neque','Voluptate odio aut quia. Consequatur dolorem minima possimus dicta mollitia sint vero. Et possimus dolores modi ducimus voluptates possimus.','i','aut'),(19,19,'Adipisci veniam et quis commodi accusamus et magni. Vel ut quos voluptates et accusantium. Qui vero ','Asperiores omnis in omnis aut fugiat. Et quia et in provident quas sint qui. Qui et aspernatur velit est quidem ut et. Et qui commodi eaque laboriosam totam dolor.','i','sed'),(20,20,'Est praesentium et voluptas. Autem repellendus iusto et recusandae aperiam. Cumque molestiae dolorem','Eveniet qui autem praesentium repudiandae esse. Tempore dolores vel sunt et. Dignissimos mollitia quo repellendus aut omnis dolorem.','с','et'),(21,21,'At et officiis ea occaecati illum. Quae perspiciatis rem eum inventore ut. Veniam facere a aut deser','Voluptate officia consequatur reiciendis voluptatem magnam soluta nam. Non impedit quos sit ut et. In quam id animi similique cumque. Perspiciatis non quis voluptatem tenetur suscipit et quia eos.','i','corrupti'),(22,22,'Laboriosam officiis ut dignissimos. Quod deserunt corporis qui est iure. Nihil laboriosam vitae aut ','Quis nihil ipsum sapiente animi eos aperiam debitis. Est omnis in asperiores dignissimos nihil at. Est quis voluptate maxime excepturi enim cupiditate.','i','magni'),(23,23,'Nesciunt iste eum mollitia vero nihil itaque. Voluptatem consectetur non exercitationem ut.','Excepturi saepe architecto consequatur quod perferendis ut. Necessitatibus quasi sint et. Minus odio omnis qui magnam quae vel dicta. Illum saepe perferendis aut reprehenderit quis quia.','с','dicta'),(24,24,'Qui debitis excepturi porro eligendi non qui. Minima soluta illo eum aut soluta voluptas nemo. Animi','Velit voluptate laudantium in molestiae cupiditate ut. Veritatis nihil sunt repudiandae nihil. Laudantium rerum provident aut aut quo omnis totam. Voluptate ut et quam voluptatum mollitia.','i','laudantium'),(25,25,'Impedit quos et laborum veniam. Provident sequi delectus est non quae ratione. Eius fugit autem dolo','Sit eum rerum voluptatem velit ut voluptas. Ut ut quia natus est nostrum.\nExpedita aliquam quia velit molestiae nulla. Pariatur sint doloribus ut eum ab. Et aut et soluta non recusandae.','с','laudantium'),(26,26,'Sint ab at earum omnis aut autem. Minima amet sed quam mollitia repudiandae quis. Ratione consequatu','Et qui ut quae sit ut velit architecto. Quis optio adipisci ex dolores. Perspiciatis ut consequuntur dignissimos autem vitae similique.','i','mollitia'),(27,27,'Et qui aut facere et est. Iure dolores est quia id. Cum dignissimos quas enim placeat delectus est p','Rem soluta atque et quas amet quam. Odit omnis aliquam labore ea aut porro in. Modi architecto voluptas hic eos magni ratione nostrum. Ut expedita voluptas et.','i','nisi'),(28,28,'Tempora voluptatem veritatis fuga nostrum atque illum occaecati. Sit aut voluptatem et eum. Id exerc','Provident est voluptatibus illo nulla quae. Ducimus qui sit veritatis. Non ea nemo atque doloribus consequuntur dolorum. Dicta dicta iusto labore.','с','qui'),(29,29,'Laudantium facilis voluptates impedit aut ea. Quia odit officia omnis. Sint ut omnis voluptatem vel ','Incidunt deserunt natus ut culpa consequatur. Esse maxime libero ut. Dolore provident dolores eveniet aut praesentium.','с','ut'),(30,30,'Est consequatur suscipit tempora cupiditate ratione. Ut provident vel provident a. Omnis cumque aute','Animi dolorem perferendis incidunt. Corrupti odit aspernatur voluptas ea. Repudiandae nihil voluptas nulla eius necessitatibus quia.','i','voluptas'),(31,31,'Atque sequi enim corrupti inventore nobis cupiditate nulla. Voluptas doloribus in perspiciatis nobis','Cum dolor exercitationem quia commodi. Consequatur et voluptatem ea amet. Aut placeat aut in dolorem quibusdam et.','с','excepturi'),(32,32,'Quibusdam nam ab unde in. Modi sit rem facere perspiciatis quos.\nQui sed consequatur et enim asperna','Aliquid deleniti nobis eos sit atque. Optio recusandae animi dolore itaque. Fugit voluptas rem magni molestiae. Quae voluptate autem ea autem.','i','illo'),(33,33,'Quas est repellendus pariatur non deleniti aperiam sit. Ullam vel non distinctio sequi praesentium h','Reprehenderit reprehenderit deleniti similique excepturi non. Voluptas saepe aliquam et quos. Quis aut laudantium perspiciatis. Unde repellat architecto sed repellat molestiae iusto cumque.','с','doloribus'),(34,34,'Blanditiis voluptatum amet et. Laborum est illum nam earum tenetur esse culpa quod. Animi facere per','Saepe accusantium reprehenderit voluptatibus aut doloremque. Aut illum eum illo consequatur molestiae. Soluta est assumenda occaecati tenetur minima. Sint voluptatem ut unde.','с','distinctio'),(35,35,'Atque omnis et voluptas exercitationem dignissimos. Minus nulla dolor similique reprehenderit dolore','Voluptas omnis omnis nemo eos ea. Sit optio error consequuntur voluptate. Id vel qui cumque asperiores culpa autem non. Quaerat reprehenderit animi repellat dolorem nobis nemo.','с','qui'),(36,36,'Voluptatem est architecto eum ullam. Ut fugit et unde. Earum eum tempore suscipit facere. Velit offi','Nulla quia odio ea modi. Facere magni cum et molestiae distinctio. Fugiat enim reprehenderit est eius. Officia consequatur rerum cupiditate officia suscipit quia.','с','perspiciatis'),(37,37,'Tempora rerum enim ut exercitationem ipsa. Veritatis ut eos facere in. Quam facilis libero excepturi','Et libero aspernatur eum voluptatum ut. Deserunt dolorem assumenda vitae modi optio laboriosam est. Ut doloremque numquam aliquid quae id.','i','maxime'),(38,38,'Minus minima consequuntur hic temporibus dolorum. Sapiente facilis architecto enim placeat laboriosa','Quia corrupti possimus quia sapiente ut. Ipsum nam non sit non.','с','ut'),(39,39,'Placeat nulla soluta in aut officiis et id quas. Eligendi praesentium autem perferendis quam cum rer','Nihil aut officia fuga sed consequatur. Fugiat voluptatem molestias consequuntur nisi eaque et. Rerum libero atque impedit aut sit. Et dolor quia et sunt consequatur. Quis et facilis rem ad sit illo.','i','dolores'),(40,40,'Commodi hic tempore autem est consequuntur. Minima quae ut molestiae et. Qui est fugiat porro ea.','Mollitia qui sit aliquid aut mollitia. Nam minima repellat a eaque.','с','dolor'),(41,41,'Sed non ex voluptatem. Praesentium quidem sit cumque et. Quisquam nam dolor harum necessitatibus ver','Itaque est tempore incidunt error. Incidunt error suscipit ut et. Et et quos minima at impedit nostrum. Aliquam sint repellat delectus unde iure voluptas ea.','с','modi'),(42,42,'Et dicta esse laudantium porro. Sed dolorem sapiente velit quisquam mollitia et et fuga. Blanditiis ','Esse rerum cupiditate mollitia. Voluptas sit eum est ex. Rem ipsam numquam voluptatibus aut aperiam sint iure nihil.','с','modi'),(43,43,'Alias est exercitationem error. Veritatis ea officiis asperiores unde. Perspiciatis nobis eius cupid','Et et quasi debitis fugiat. Delectus dolor libero soluta non pariatur. Eius porro tempore reiciendis dolor.\nOccaecati rerum fuga quia repudiandae atque sit. Et laborum quasi rem illum.','с','ad'),(44,44,'Repudiandae dolores dolores nostrum quia animi. Id sit aperiam ut veritatis dolorum. Nisi earum dolo','Et qui et voluptates commodi ut blanditiis ut. Quia est delectus impedit ducimus et est nulla. Vel explicabo fugit quo accusantium.','i','occaecati'),(45,45,'Omnis optio velit perspiciatis enim dicta sequi qui. Quidem quam ratione beatae quasi est. In nostru','Eveniet commodi ad qui. Incidunt rerum excepturi velit natus vel possimus. Aut et inventore maiores quisquam. Consectetur suscipit sapiente dolorem ipsum repudiandae voluptas.','с','ad'),(46,46,'Commodi ipsam voluptas quasi nobis voluptates nostrum voluptate. Quia ut rerum ut illo dolore modi. ','Distinctio rerum animi id itaque. Porro itaque et omnis minima facere soluta ratione. Repellat modi inventore autem recusandae voluptatem assumenda.','с','expedita'),(47,47,'Sint est saepe dolorem recusandae. Dicta molestiae corrupti ipsa quia qui delectus eius. Et repellen','Tempore rerum dolorum vel ut. Voluptatem alias est non. Omnis nihil et ut et tempore. Quod qui consequuntur provident aliquam.','с','et'),(48,48,'Mollitia possimus repellat et et. Omnis nam eaque aperiam omnis enim sed et iure. Ipsum sed velit de','Itaque aperiam non cumque ducimus delectus nihil officiis. Soluta aut et et consequatur. Esse dolorem rerum adipisci odit labore.','с','cupiditate'),(49,49,'Et nihil quis dolorum eius. Esse eveniet molestiae asperiores et ex quisquam. Qui libero quia ipsa q','Velit sit qui nisi consequatur perferendis ut expedita est. Quibusdam architecto dolorum reiciendis odit facere similique maxime.','i','sit'),(50,50,'Corporis eos quo sunt beatae. Vel atque sunt quod enim. Voluptatem est facilis ab placeat quibusdam.','Aut est ut corrupti ab aut. Dolor temporibus eius nulla sapiente suscipit dolorem id perspiciatis. Dolorum in ad et omnis.','i','nulla'),(51,51,'Similique sed cumque eius repudiandae. Molestias commodi ut enim ipsa quasi quos. Et earum cupiditat','Quisquam corrupti dolorem illo. Amet necessitatibus cumque voluptatibus maxime veritatis eligendi debitis animi. Est ut possimus enim perspiciatis. Reprehenderit ut ipsum facilis et nulla et.','с','doloribus'),(52,52,'Consequatur qui dolorum voluptatem et. Aliquam dolores suscipit reiciendis ut. Aut velit officiis fu','Enim est ut et recusandae. Dolores temporibus qui adipisci amet incidunt. Dolorem suscipit ipsam sint qui nemo. Neque architecto quis doloribus consequatur molestias.','с','quaerat'),(53,53,'Qui qui pariatur dolor placeat labore eum praesentium. Aperiam corporis assumenda in quam asperiores','Optio optio et omnis ea earum similique. Minima voluptas quia nemo iusto. Optio dolore non voluptatibus fuga.','i','dolores'),(54,54,'Est quasi modi provident aliquid pariatur veniam. Sint sed non excepturi alias molestiae. Optio non ','Dolores esse necessitatibus ipsa. Ducimus unde fugit odio eum perspiciatis et autem dolores. Aperiam sint quaerat non atque nostrum.','с','sit'),(55,55,'Quia vero iste doloribus corrupti aut. Qui quidem qui minima rem aut autem. Vitae enim qui qui ut pe','Mollitia non ad est et. Quod blanditiis repellendus quisquam porro quis eos et quos. Eveniet qui qui beatae voluptas odio. Veritatis in a eos consequatur doloribus debitis ea.','i','et'),(56,56,'Sapiente et velit aut necessitatibus. Totam veniam est nihil. Earum omnis magnam suscipit et.','Iste totam ut soluta. Eum numquam ut necessitatibus. Velit sed ut eveniet aut non harum.','i','omnis'),(57,57,'Illo voluptas eveniet aut voluptatem quibusdam corporis quia aliquid. Nulla consequatur provident qu','Dignissimos repudiandae explicabo optio eveniet rem dolor. Blanditiis atque aspernatur est et omnis iure doloremque expedita. Odio facilis debitis enim sit sint unde.','i','deleniti'),(58,58,'Esse soluta nihil maiores deserunt eos. Eveniet assumenda atque nihil accusantium in repellat. Quis ','Beatae magni nemo et ex. Sint provident nesciunt dolores quis. Voluptatibus unde non fugit omnis repellendus totam culpa. Quam id non rem optio ex possimus et odit.','i','in'),(59,59,'Qui voluptatem quibusdam nulla inventore alias. Molestias quas eum tempore id corrupti fugit dolorem','Pariatur dolores pariatur omnis optio. Dolore magnam et amet voluptatem nam.\nDicta incidunt ab et eveniet. Optio animi voluptatem quod sed voluptates architecto.','i','dolore'),(60,60,'Laborum totam illo et temporibus beatae aspernatur. Modi id commodi facilis temporibus quos.','Error officia vero minus nesciunt rem rerum aliquid. Quas reiciendis et qui blanditiis nulla et. Voluptatem eligendi modi eos adipisci nostrum. Commodi vitae itaque ut optio.','i','atque'),(61,61,'Velit odit reiciendis ut. Ad maiores mollitia quibusdam a modi vel ipsum. Corporis maiores dolor mol','Aspernatur velit voluptatem nihil. Nostrum dolorem autem aperiam eveniet repellat.','i','velit'),(62,62,'Accusamus magnam perspiciatis praesentium tempore. Fugit eveniet modi animi similique aliquam molest','Alias est veritatis ut a. Quia similique enim qui voluptatem. Necessitatibus ut consequatur esse consequatur eum et. Quia incidunt quia veniam occaecati.','i','id'),(63,63,'Ullam quo itaque debitis est voluptatem repudiandae voluptatum. Quia nisi totam facilis dolor. Enim ','Alias possimus minus facilis non quibusdam reprehenderit. Et sint quia mollitia facilis voluptatem.','i','sunt'),(64,64,'Sed tenetur consequatur quae dicta magnam. Est deleniti nihil sed voluptas aut. Ipsa illum quia est.','Molestiae aut fugiat provident et repellendus qui totam. Fugiat error ut qui beatae. Quas occaecati non et.','i','labore'),(65,65,'Ut tempora modi eos error. Illum voluptatem dignissimos et ea. Quidem veritatis ut est excepturi. Ip','Nihil hic omnis blanditiis quisquam. Debitis voluptatibus qui id velit harum illum qui. Sunt nisi officiis at ratione perferendis facilis officia assumenda.','i','repellendus'),(66,66,'Odio omnis earum et rerum sapiente quia assumenda. Et itaque non vero et. Impedit eum et laudantium ','Et voluptatibus non omnis nulla voluptatem sed sint. Ipsam ipsum sit aut non accusamus est. Dolor pariatur sunt veritatis reprehenderit et eius.','i','alias'),(67,67,'Quasi animi velit natus qui tempora eos nobis tempora. Et tempore sunt occaecati et nisi illo et. Si','Dolorem totam aut qui doloremque. Suscipit consequatur quam corporis ab dolor eius. Distinctio blanditiis sed a et ab dolor aperiam.','с','saepe'),(68,68,'Neque voluptas dolor error vero non sint. Eum cumque fugit aut et atque dolore laborum non. Nam eius','Veritatis repellendus placeat necessitatibus consequuntur cum dolor omnis. Aut rem accusantium similique est fuga nostrum. Et unde aut ea quod consequuntur et.','с','ut'),(69,69,'Aliquam tempora sunt cum sint placeat. Maiores omnis voluptatum beatae. Deserunt ut hic incidunt off','Similique eligendi debitis quis nulla. Quidem rerum rerum in facilis possimus aspernatur. Velit asperiores dolores eaque et.','i','amet'),(70,70,'Quidem laborum sit unde quis voluptatibus dolorem ullam ratione. Aut rerum quia ducimus fuga nisi di','Dolore sed porro consequatur fugit natus pariatur. Quod ea nulla temporibus delectus ducimus cupiditate. Iure eos sit quo et eos qui ad.','i','magnam'),(71,71,'Neque accusamus non repudiandae sed ea. Et rerum nemo velit exercitationem et quisquam. Pariatur por','Laboriosam perferendis magnam est ut non iste officiis natus. Dolorem est non illo. Velit totam sit qui ratione.','i','consequatur'),(72,72,'Voluptate molestias aperiam voluptate maxime ipsum. Et rerum nostrum ea reiciendis consequatur adipi','Fugiat eum consequatur voluptate iusto veritatis. Tenetur qui consequatur exercitationem dolore. Ullam et sed hic harum incidunt necessitatibus sit. Ut molestiae in quis porro.','с','consequatur'),(73,73,'Quibusdam et quia voluptas nisi nam reiciendis. Nesciunt consequatur sed corrupti molestiae nam repe','Adipisci pariatur dolor libero aliquam quam. Sit placeat ex praesentium cupiditate. Corporis corrupti magnam dolorem commodi corrupti dolorum.','i','eum'),(74,74,'Amet voluptatem ab quis voluptatem aspernatur optio. Enim aut maiores qui assumenda facilis at et. Q','Illum animi excepturi quia ab aliquam. Et et est odio voluptate consequatur aut debitis voluptatum. Et eos sunt omnis occaecati commodi accusamus.','с','sint'),(75,75,'Totam animi nulla adipisci. Vel veritatis tenetur voluptate sunt inventore. Numquam nihil temporibus','Et est ut maxime qui accusantium libero sit. Excepturi sunt aliquid aut voluptas. Quasi ut neque voluptatem aut ut. Voluptatum laudantium aperiam sunt velit minima sit.','с','aut'),(76,76,'Hic aut ipsam architecto quo quia perspiciatis odit. Quia nam voluptatem unde quam nam libero. Dolor','Qui id et voluptate eos. Pariatur architecto veniam velit est sunt et aut aut. In doloribus aut fugit ut autem nulla. Rerum earum velit autem.','i','enim'),(77,77,'Expedita laboriosam eum omnis perferendis accusamus eligendi. Repudiandae praesentium animi autem vo','Est qui harum fugit quidem. Eveniet ab rerum veritatis eos amet. Dignissimos aliquid et quo velit.','с','velit'),(78,78,'Libero sit ipsam quae. Accusamus eum accusamus quibusdam optio vitae autem. Ducimus fuga alias magni','Itaque qui unde fugit. Quae sed asperiores nobis aspernatur mollitia. Deserunt voluptatem iure ex deserunt quisquam. Cumque quia eum illum vitae.','с','eligendi'),(79,79,'Ipsam vero dolorem natus dolorem. Aut et in magnam voluptas. Sed nesciunt optio quia sunt debitis do','Molestiae eligendi esse ad enim placeat earum at. Ab blanditiis nulla aut quas rerum. Quia nobis unde et quia. Consectetur vero ullam ea dolorem.','i','aliquam'),(80,80,'Dolorum molestias sit qui dignissimos totam. Aut earum labore ducimus voluptas dolore voluptatum.','Soluta tempore ad dolorem sapiente ipsam ratione voluptatem amet. Odio doloribus non quia quia asperiores quis a.','i','dolorem'),(81,81,'Explicabo dolores a facilis incidunt. Tenetur et voluptatum molestias omnis excepturi. Culpa quo et ','Asperiores commodi accusantium excepturi nihil magni quia. Animi ut velit temporibus molestiae qui ipsum odit. Est doloribus repellat inventore vel consequatur ea.','i','eos'),(82,82,'Eos corrupti exercitationem iste. Nisi voluptate ea laudantium necessitatibus. Alias qui quia nisi o','Nisi cum ullam aut doloribus. Corrupti at alias aut explicabo laborum. Ut quis totam inventore ut.','с','aliquam'),(83,83,'Fuga illum in consequuntur rerum id. Et quas pariatur natus. Temporibus autem et explicabo quia susc','Cumque ea ad rerum recusandae. Ut maxime accusamus debitis occaecati quas quo.','i','aut'),(84,84,'In possimus fuga architecto non aperiam. Laudantium eveniet pariatur exercitationem voluptatem natus','Nihil non corporis quia rem doloremque. Dicta non pariatur beatae et et velit. Aut aliquid dolores vel porro est quod et. Molestiae alias est vel error est.','с','deserunt'),(85,85,'Et iste dolorem molestiae quasi rerum. Neque illo molestiae odit culpa dolores. Labore placeat digni','Aspernatur facilis occaecati modi ex illo necessitatibus consequatur iure. Vel et eos dolores officiis. Assumenda dolorum hic quod aspernatur et soluta iste.','с','consequatur'),(86,86,'Perferendis itaque commodi tenetur earum ea. Iure asperiores in doloribus ullam assumenda sit. Ipsa ','Temporibus doloremque adipisci qui natus voluptates. Sit fugiat quibusdam porro distinctio ut et voluptas tenetur. Saepe sunt cumque sit dolorem sunt. Molestiae quo deleniti sed modi.','с','voluptas'),(87,87,'Inventore laudantium exercitationem est dicta. Non amet placeat soluta exercitationem. Vitae illo do','Deserunt qui inventore et fuga. Dolor officiis qui quod quod perspiciatis. Assumenda nobis aut vitae dolores ex. Voluptates officia expedita molestiae adipisci.','i','quia'),(88,88,'Error distinctio necessitatibus consequuntur recusandae. Rerum praesentium sint quia aliquam repella','Officia nobis inventore vel iure ea sit. Omnis quasi ut harum odio. Eveniet voluptas corrupti omnis quia ipsa aliquid. Placeat maxime ducimus at beatae.','i','quia'),(89,89,'Necessitatibus veritatis itaque dicta deleniti omnis aut voluptatem. Sit laudantium voluptas archite','Error repellendus labore rerum et quibusdam non. Dolor unde vero voluptatem animi sit. Est ea amet voluptatibus voluptas architecto.','i','rerum'),(90,90,'Itaque architecto quod dolor nam aut fuga harum. Velit ut provident qui veritatis. Ut quis perferend','Natus ab harum architecto cumque ab qui. Nostrum aut quidem at qui in et. Vero necessitatibus voluptatem repellat.','i','ut'),(91,91,'Voluptatem non quo similique. Similique nam est distinctio. Impedit vitae ipsam voluptatibus nam omn','Maiores ut quia commodi id consequatur impedit dicta. Voluptas placeat impedit qui dignissimos nostrum autem maxime.','с','temporibus'),(92,92,'Ducimus non dolor in. Unde sit at quisquam voluptatibus repellat. Sit harum saepe recusandae.','Ut consequatur dolor ut suscipit amet voluptas. Ut animi reprehenderit voluptate quo. Dolores laudantium nesciunt repudiandae nam sequi.','с','molestiae'),(93,93,'Officiis harum perferendis suscipit. Qui incidunt unde deserunt quas. Voluptatem officiis ut ut prae','Rerum ullam molestiae aperiam voluptas minus. Amet voluptas culpa nam praesentium magnam autem nisi. Officiis modi voluptas facilis quia sed. Aspernatur adipisci magnam sequi deserunt.','с','officiis'),(94,94,'Et quis aut quas inventore quis. Voluptas aut nemo magni quisquam. Eaque et ea suscipit eos soluta. ','Necessitatibus officiis vel ex ea. Cumque voluptatibus saepe sapiente facere tenetur. Ut est eius et est eius voluptatum ut culpa. Delectus voluptas saepe vel dignissimos.','с','assumenda'),(95,95,'Voluptatibus consequuntur tempora numquam quis. Odit harum quibusdam eveniet hic sunt eos enim. Qui ','Sit veniam et quia aliquid. Alias deleniti eius accusamus veniam repellat quas enim. Provident iure incidunt eveniet ad aliquid.','с','dicta'),(96,96,'Voluptates vel facere consequatur et. Quas veritatis nam inventore molestiae error eum quibusdam. A ','Beatae ab adipisci commodi qui repellat amet vero amet. Exercitationem recusandae voluptatem id sed dolores exercitationem. Iusto delectus consequuntur tempore vitae sit.','с','qui'),(97,97,'Unde qui quia dolor et. Soluta sunt aut quos quia beatae consequatur quos. Et facilis minus nihil of','Adipisci dolor ut qui consequuntur. Aut aspernatur quae laborum expedita. Molestias corporis laboriosam rerum consequatur quos. Unde sit dolorum ad vitae eum in.','i','quam'),(98,98,'Iure qui tenetur velit sint iure eos. Eos dolore eveniet quibusdam id quia perferendis ea consequunt','Numquam dolores nam et eligendi tempora commodi qui. Dolorem et in alias tenetur quia.','i','repellat'),(99,99,'Enim deserunt eligendi accusamus recusandae iusto quibusdam. Velit non saepe dolores natus quibusdam','Qui repellendus dolores a illo. Nulla magni a sed.\nDeserunt ut cupiditate et itaque. Rerum labore in ut veritatis vero. Vel minus voluptates eum delectus eos et atque. Quo quasi rerum ut.','с','et'),(100,100,'Consequuntur ipsa eligendi non modi dolorum magnam sequi. Cum quia iure at. Enim qui voluptas et cum','Ut vel fugiat est qui et et sunt. Occaecati qui possimus exercitationem iste quibusdam fugit. Velit eum libero quia eum perferendis et. Nihil autem esse dolores ducimus.','i','qui');
/*!40000 ALTER TABLE `education` ENABLE KEYS */;
UNLOCK TABLES;

--
-- Table structure for table `job`
--

DROP TABLE IF EXISTS `job`;
/*!40101 SET @saved_cs_client     = @@character_set_client */;
/*!50503 SET character_set_client = utf8mb4 */;
CREATE TABLE `job` (
  `trainer_id` int NOT NULL,
  `recruitmant_date` datetime NOT NULL DEFAULT CURRENT_TIMESTAMP COMMENT 'дата приема на работу',
  `termination_date` datetime DEFAULT CURRENT_TIMESTAMP COMMENT 'дата увольнения',
  PRIMARY KEY (`trainer_id`)
) ENGINE=InnoDB DEFAULT CHARSET=utf8mb4 COLLATE=utf8mb4_0900_ai_ci COMMENT='Работники клуба';
/*!40101 SET character_set_client = @saved_cs_client */;

--
-- Dumping data for table `job`
--

LOCK TABLES `job` WRITE;
/*!40000 ALTER TABLE `job` DISABLE KEYS */;
INSERT INTO `job` VALUES (1,'1980-10-18 18:03:18','1972-02-08 14:28:46'),(2,'1973-08-29 19:09:58','2018-09-14 11:36:31'),(3,'1989-10-06 20:08:02','1975-04-24 09:33:39'),(4,'1992-08-04 14:50:07','1998-03-27 16:08:06'),(5,'1978-01-18 12:54:29','2017-12-20 15:46:12'),(6,'2011-12-31 23:34:51','2001-07-15 06:37:39'),(7,'2018-09-23 19:15:15','2012-12-14 18:54:53'),(8,'2012-11-15 01:09:38','2008-06-19 22:41:11'),(9,'2013-07-13 21:20:48','1986-01-23 21:43:35'),(10,'1971-04-02 04:31:36','1983-09-14 10:54:21'),(11,'1972-09-20 19:02:09','1990-11-30 09:00:02'),(12,'2002-02-06 19:53:28','1978-10-30 20:24:10'),(13,'1990-06-08 10:12:48','2003-03-14 17:26:15'),(14,'1981-12-03 12:46:49','1975-01-22 06:19:36'),(15,'1986-11-11 09:04:45','1980-04-11 10:37:40'),(16,'2015-12-16 07:26:08','2004-05-16 10:34:49'),(17,'2009-06-25 15:56:14','2020-08-16 01:40:55'),(18,'2016-11-24 22:04:02','2005-08-24 03:39:57'),(19,'2019-05-09 01:24:42','1978-05-17 13:00:24'),(20,'2002-05-04 03:27:48','2012-08-22 17:10:40'),(21,'1976-10-24 00:04:22','1978-06-23 22:13:57'),(22,'1974-06-26 19:31:11','2014-06-01 08:41:48'),(23,'2001-03-04 09:40:30','1970-04-29 13:55:37'),(24,'2008-05-29 13:23:50','2003-08-05 11:46:32'),(25,'2009-07-23 09:43:54','1994-07-27 03:30:32'),(26,'1983-03-14 22:10:36','1980-02-04 11:32:27'),(27,'2001-03-19 10:21:30','2012-01-27 09:09:14'),(28,'1993-12-21 03:25:40','2007-07-22 11:52:19'),(29,'2006-10-20 22:43:57','2001-02-24 08:46:15'),(30,'1998-03-12 02:59:23','2016-11-12 22:34:57'),(31,'1988-03-25 13:40:36','2013-05-08 18:31:32'),(32,'1995-02-21 23:30:59','2011-01-10 14:00:33'),(33,'1993-05-29 03:36:21','1979-08-24 16:58:32'),(34,'2016-10-31 02:00:57','1998-03-15 23:18:25'),(35,'1976-10-12 07:40:57','2008-07-22 22:18:26'),(36,'1997-05-29 13:00:45','1992-02-07 16:33:08'),(37,'1978-06-09 15:27:19','1972-12-11 23:17:36'),(38,'1977-11-09 22:14:14','1985-11-18 20:35:20'),(39,'1986-07-18 07:45:32','1977-05-16 11:18:36'),(40,'2007-03-05 10:25:22','2003-11-11 13:04:40'),(41,'1992-12-10 11:26:43','2012-10-09 07:33:52'),(42,'2013-10-18 01:14:23','1978-07-28 10:04:58'),(43,'1982-08-26 09:28:34','1985-01-02 06:22:57'),(44,'1979-02-06 01:34:51','2015-11-28 15:12:53'),(45,'2011-09-15 18:35:34','1980-07-09 17:48:56'),(46,'2013-05-10 09:52:16','1975-05-02 00:08:20'),(47,'2008-10-01 01:50:48','1986-07-18 13:20:53'),(48,'1979-11-11 11:42:44','2003-09-05 02:19:39'),(49,'1987-11-04 09:03:22','1995-11-09 22:45:22'),(50,'1981-09-17 07:20:38','1985-06-19 10:23:45'),(51,'2005-01-31 07:52:22','1988-03-09 08:07:34'),(52,'1975-11-11 22:43:26','1976-06-09 22:08:19'),(53,'2010-02-10 23:44:34','2009-04-18 17:53:28'),(54,'1990-03-22 11:06:04','1989-10-01 22:05:18'),(55,'2000-12-12 02:32:59','2002-03-23 21:52:16'),(56,'2016-11-16 04:08:23','2008-08-10 09:07:01'),(57,'1995-09-04 14:39:36','1981-01-05 11:32:17'),(58,'2002-10-23 19:28:57','2010-08-01 12:00:02'),(59,'1994-07-27 14:19:17','2015-12-10 11:37:48'),(60,'1971-08-05 12:03:15','2020-09-12 03:45:21'),(61,'2008-12-16 10:45:47','1972-03-14 07:30:01'),(62,'1975-04-07 07:58:14','1974-03-08 08:16:30'),(63,'2013-04-24 02:48:31','2008-04-10 17:30:25'),(64,'1975-07-01 20:51:09','2002-02-02 00:34:45'),(65,'1999-11-03 01:00:46','2018-12-03 15:19:00'),(66,'1972-03-27 06:43:17','1989-09-17 21:29:31'),(67,'1997-04-20 19:11:42','2008-01-08 15:08:42'),(68,'2020-07-27 15:55:39','2010-11-27 04:19:02'),(69,'2008-07-14 12:32:30','1985-12-07 15:58:56'),(70,'1988-04-04 17:34:29','1972-10-25 12:16:27'),(71,'2004-12-10 06:38:03','1979-07-22 21:57:39'),(72,'2005-01-15 00:44:37','1970-04-15 07:10:09'),(73,'1977-12-21 09:57:41','1998-04-12 07:20:22'),(74,'2013-03-04 17:41:23','1993-03-30 00:20:16'),(75,'2015-10-09 12:09:03','2002-11-26 07:06:53'),(76,'1975-09-07 03:15:55','1976-01-26 20:00:20'),(77,'1977-07-20 13:45:11','1983-07-26 20:31:02'),(78,'1996-03-25 14:06:38','1999-02-03 06:56:12'),(79,'2020-04-17 00:36:29','1981-10-05 12:40:47'),(80,'1972-07-18 04:31:03','1999-03-11 23:23:25'),(81,'1985-02-15 17:14:09','1998-06-19 23:20:26'),(82,'2001-06-19 17:59:00','1978-08-06 03:50:09'),(83,'1997-10-07 07:25:49','2010-03-07 01:10:53'),(84,'1994-07-09 23:40:13','1972-07-31 05:10:55'),(85,'1979-06-29 17:03:47','1985-03-25 05:04:48'),(86,'1979-12-19 12:27:13','1987-04-17 23:18:15'),(87,'1998-05-18 21:09:20','2012-07-01 07:39:40'),(88,'2011-08-11 18:06:23','1997-08-16 01:13:18'),(89,'1991-01-14 12:51:11','1989-06-28 18:42:34'),(90,'1987-06-13 13:20:14','2010-02-09 08:50:18'),(91,'2016-03-03 07:04:01','1987-12-22 03:48:42'),(92,'2017-02-01 16:39:28','2012-09-17 02:37:07'),(93,'1989-01-22 13:10:55','2019-12-02 13:32:24'),(94,'2008-11-24 11:27:57','1985-02-19 14:21:18'),(95,'1993-05-12 01:37:16','1983-11-20 07:19:55'),(96,'1979-12-20 08:08:49','1990-07-01 20:31:47'),(97,'2001-09-29 18:57:48','2004-11-16 13:46:24'),(98,'1974-08-19 10:10:28','2001-12-04 18:37:38'),(99,'1975-10-25 21:33:26','1998-01-18 20:15:17'),(100,'1970-11-25 08:31:58','2013-01-26 07:12:42');
/*!40000 ALTER TABLE `job` ENABLE KEYS */;
UNLOCK TABLES;

--
-- Table structure for table `personal_data`
--

DROP TABLE IF EXISTS `personal_data`;
/*!40101 SET @saved_cs_client     = @@character_set_client */;
/*!50503 SET character_set_client = utf8mb4 */;
CREATE TABLE `personal_data` (
  `trainer_id` int NOT NULL,
  `address` varchar(1000) NOT NULL COMMENT 'адрес',
  `inn` bigint unsigned NOT NULL COMMENT 'ИНН',
  `snils` char(14) NOT NULL COMMENT 'СНИЛС: xxx-xxx-xxx-xx',
  `pasport` varchar(255) NOT NULL COMMENT 'паспортные данные',
  `birthday` date NOT NULL COMMENT 'день рождения',
  PRIMARY KEY (`trainer_id`),
  UNIQUE KEY `inn_UNIQUE` (`inn`),
  UNIQUE KEY `snils_UNIQUE` (`snils`)
) ENGINE=InnoDB DEFAULT CHARSET=utf8mb4 COLLATE=utf8mb4_0900_ai_ci COMMENT='Персональные данные тренера';
/*!40101 SET character_set_client = @saved_cs_client */;

--
-- Dumping data for table `personal_data`
--

LOCK TABLES `personal_data` WRITE;
/*!40000 ALTER TABLE `personal_data` DISABLE KEYS */;
INSERT INTO `personal_data` VALUES (1,'4590 Eloy Path Apt. 336\nLake Delaney, WV 15203',243333938404,'25000786023820','Atque iste non temporibus ipsa quam aut tempora. Et sunt voluptatum fugit nostrum. Optio commodi magnam earum esse minima architecto.','2002-05-21'),(2,'5285 Blaze Viaduct\nDuBuqueberg, LA 10502',121812654518,'25001381692267','Omnis blanditiis quaerat pariatur sit tempora inventore. Sed aperiam neque est exercitationem ad. Iure perspiciatis doloremque sed at dolorum quas impedit minus. Dolorem illum itaque qui beatae sed.','1984-12-07'),(3,'7204 Ben Center\nLake Agustinaton, NC 11224',124294967295,'25002981119487','Vitae minima velit aspernatur excepturi. Modi doloribus placeat a nobis voluptate aliquid ab. Sit unde voluptate fugit voluptas quaerat est ut sed.','2019-03-23'),(4,'297 Owen Ways\nElviemouth, MD 38521',123223258925,'25003758867593','Id nemo consequuntur nam ex quia illo. Et perspiciatis aspernatur quaerat voluptatem ipsa repudiandae quasi sed. Eos doloribus nobis dolorum ad enim et.','1990-07-08'),(7,'151 Nicolas Common\nLake Rileyshire, IN 83792',121053817225,'25004294967295','Provident doloremque qui et voluptatibus. Eum ut quia eos eveniet impedit quam dolorum rerum.','1985-11-10'),(11,'69153 Wehner Pine Apt. 581\nMillsfurt, FL 58690-3503',121004279352,'25001991231684','Asperiores et dolores voluptas quia qui ex. Perferendis iste atque corporis ut est eligendi nihil. Eos eius veniam incidunt vitae architecto vel eius.','1999-02-27'),(13,'1228 Collins Terrace Suite 847\nVanessashire, GA 70750',122719798851,'25001007843842','Quidem earum alias quasi earum aliquam libero nam. Magni tempore totam possimus quidem omnis qui minus. Omnis velit qui quam impedit qui voluptas dolores. Et inventore aut est in sit dignissimos.','1993-09-26'),(18,'18945 Angelina Unions Suite 592\nCynthiaport, LA 28083',124084309391,'25002361989883','Corrupti sint dolorem recusandae dolores et maiores. Error ullam quaerat quis modi. Blanditiis deleniti non non fugit non. Aperiam voluptatum officia aspernatur molestias fugiat consequatur ullam.','2012-01-20'),(22,'0971 Aaliyah Court Suite 508\nVandervorttown, OH 63625',121375733843,'25002158566159','Et qui ut itaque accusamus dolorem expedita sint. Tempore autem doloremque sit accusantium nam quia non. Odit id ratione quis nisi quo optio ea.','1970-09-11'),(23,'2566 Stracke Landing Suite 337\nOndrickaview, MI 05606-9482',123873052579,'25000090664304','Tenetur architecto sit rerum totam molestiae natus autem. Quia ut delectus veritatis hic perferendis sed autem. Autem excepturi itaque minima consequatur. Voluptas temporibus et quia molestias ut.','1980-12-01'),(25,'90501 Cyril Junction\nNorth Germaineside, CT 92044',123515956262,'25002628566348','Reiciendis minus sequi et et cum. In mollitia illum et. Qui omnis quia quo autem a alias. Magnam laboriosam ut ex qui quis. Natus et qui qui similique ducimus neque.','1985-06-21'),(26,'637 Hettinger Ramp Suite 248\nDavonshire, NH 38256',121084630187,'25002284889985','Et veniam repellat ad non quia quos. Et officia voluptatem ratione suscipit magni qui. Accusamus in quia fugiat. Reprehenderit aut mollitia itaque perspiciatis laboriosam et.','1998-03-01'),(33,'91230 Wisoky Vista Suite 559\nSouth Ruby, MI 81934-5748',122837635527,'25000929636620','Itaque amet sed dolor vero autem consequatur eum. Vel id quam ullam.','2008-08-24'),(35,'9886 Chyna Coves\nTurcotteville, NY 71919',122452752946,'25002497934778','Quisquam aut odio vel reiciendis nisi voluptates esse. Accusamus ut sint ut quia et quidem voluptate. Et et voluptate minima fugit. Aut illo vitae qui velit et illum quae perferendis.','1978-07-27'),(36,'4072 Stracke Pine Suite 851\nJastberg, UT 31442-6538',124241561321,'25002140396857','Aut fugiat consequatur consectetur. Qui ex amet dolor aut quae provident. Sapiente iste non omnis fugiat mollitia. Nulla perspiciatis reiciendis occaecati sunt. Eum ex ratione blanditiis eum ea.','2018-08-23'),(37,'15122 Romaine Camp\nNew Lavinia, MA 79011',122644867612,'25003719513640','Et illum unde temporibus velit rerum. Maiores et qui optio sunt est rerum. Deserunt reprehenderit ipsam qui aut aspernatur ut explicabo. A inventore autem omnis aut mollitia vero.','1991-07-22'),(39,'5450 Altenwerth Rest\nNitzschebury, LA 38279',122011656058,'25002972882972','Et et ut aut. Ut non nihil totam quibusdam error ducimus aut. Officiis autem vel molestiae. Ullam quod velit autem.','1988-06-19'),(48,'5461 Abernathy Turnpike Apt. 960\nRusselmouth, WA 48191',122614250745,'25001506674728','Et sequi id cupiditate praesentium repellendus. Officiis itaque voluptatem cupiditate dicta.\nSapiente dicta dolorem vel sint distinctio soluta. Autem delectus voluptate optio debitis.','2010-04-17'),(56,'598 Hayden Harbor Suite 481\nNorth Emelia, WY 37810-8132',123242996392,'25001967595592','Reprehenderit qui aut fuga aliquid ratione nulla ratione. Vero ipsam numquam et non eum explicabo rerum. Est molestiae enim animi nam excepturi dolorum vitae accusantium.','1993-11-29'),(59,'496 Wyman Springs Suite 668\nNew Carrie, MI 87311-6803',123758673082,'25003256346123','Maiores ea molestiae hic ex molestias enim sed. Numquam porro nobis beatae enim facilis. Amet eveniet incidunt asperiores maiores tempore totam. Odit ut esse non soluta ea pariatur.','1974-10-13'),(64,'4585 Ansley Stravenue Apt. 643\nEast Prestonport, WY 30374',122670824166,'25000975186117','Officia aspernatur vero facere natus nihil voluptas illum. Assumenda in voluptatem iure. Et doloribus ipsam nisi et sequi. Dolorum eligendi voluptatem velit molestiae facilis aut quas repellendus.','1970-08-15'),(65,'716 Pfannerstill Row\nNorth Mellie, WY 28962',123278119982,'25004116644613','Enim excepturi reprehenderit et rem nisi iste. Et qui voluptate tempore voluptatem illo et nihil. Iste nihil facilis et eos ipsa quos rerum.','1976-06-09'),(68,'40588 Virginia Brook Apt. 458\nLake Russ, WI 27710-2692',124207837664,'25000152617810','Tempora adipisci vel quod et doloribus. Et illum ipsa necessitatibus porro consectetur quibusdam. Aliquid debitis est totam nihil dicta. Et facere expedita quo et aliquam doloribus.','1998-04-19'),(69,'2311 Kutch Pass\nNew Zacharychester, IL 18170-9216',121029762504,'25002908267202','Soluta ut et aliquid cum assumenda aut. Ullam cumque corrupti omnis molestiae cumque. Qui id sint quibusdam repellendus eos culpa cum. Quae molestiae animi non expedita culpa.','2017-09-21'),(77,'8635 Murl Islands\nSaigefurt, VT 88976',121072989873,'25003166231755','Quidem harum iste commodi asperiores sunt. Quod earum quia magnam. Asperiores aspernatur voluptates facilis quod hic. Ab autem voluptatem dolor ut ullam.','1983-10-24'),(78,'664 Wiegand River\nLake Hugh, CT 00088-2163',122241467844,'25002425049399','Temporibus sunt dolorem quo autem. Eaque adipisci corrupti omnis maxime est. Maxime aspernatur temporibus reprehenderit rem.\nNobis tenetur delectus ut corrupti. Sit sequi voluptas corporis nihil.','1974-04-17'),(83,'82160 Harris Villages\nSouth Hendersonberg, WI 79883',122154385151,'25000484732627','Quidem adipisci dolore ut dolor aspernatur quidem veniam. Tempore quibusdam quas velit. Voluptatem rerum velit adipisci temporibus reiciendis. Perferendis nemo neque similique rerum nesciunt est.','2011-03-01'),(86,'37901 Lelah Via\nLake Hildaland, IN 35321-1310',123403900543,'25002679307014','Repellendus est quia deleniti dolores eos. Voluptas sed et ut ex. Veniam et nam placeat excepturi laudantium fuga aliquid. Dolor ipsa non consequatur voluptatibus officiis.','2004-12-14'),(93,'50790 Treutel Roads Suite 826\nLarsonhaven, WV 09767-0745',121861018804,'25001311744182','Occaecati non omnis ad maxime aut. Neque nisi quam eos qui quae repellendus ut. Exercitationem quibusdam voluptas illo alias.','1991-12-04'),(98,'301 Rau Pike Suite 114\nOmermouth, CO 52152',122114389307,'25000521247942','Ratione laborum quia sunt maxime. Rerum voluptate culpa iste sit eaque fugiat vel. Eum maxime expedita eos dolores consectetur facere. Occaecati nulla debitis error. Quos possimus unde omnis.','1978-11-25'),(99,'4132 Jakubowski Island Apt. 451\nTrevafurt, UT 68910',123926481512,'25003181676208','Voluptatem molestiae delectus in cum exercitationem. Dolorem illum omnis accusantium repellendus quos qui ea. Praesentium amet nihil molestiae.','1989-09-01');
/*!40000 ALTER TABLE `personal_data` ENABLE KEYS */;
UNLOCK TABLES;

--
-- Table structure for table `price`
--

DROP TABLE IF EXISTS `price`;
/*!40101 SET @saved_cs_client     = @@character_set_client */;
/*!50503 SET character_set_client = utf8mb4 */;
CREATE TABLE `price` (
  `id` int NOT NULL AUTO_INCREMENT,
  `services_id` int DEFAULT NULL,
  `product_id` int DEFAULT NULL,
  `price_withoutvat` float(20,2) unsigned NOT NULL COMMENT 'цена без НДС (НДС всегда = 20%)',
  `create_date` datetime NOT NULL DEFAULT CURRENT_TIMESTAMP COMMENT 'дата начала действия цены',
  `deleted_date` datetime DEFAULT NULL COMMENT 'дата окончания действия цены',
  PRIMARY KEY (`id`),
  UNIQUE KEY `fk_service_create_date` (`services_id`,`create_date`) /*!80000 INVISIBLE */,
  UNIQUE KEY `fk_product_create_date` (`product_id`,`create_date`)
) ENGINE=InnoDB AUTO_INCREMENT=11 DEFAULT CHARSET=utf8mb4 COLLATE=utf8mb4_0900_ai_ci COMMENT='Цены на услуги';
/*!40101 SET character_set_client = @saved_cs_client */;

--
-- Dumping data for table `price`
--

LOCK TABLES `price` WRITE;
/*!40000 ALTER TABLE `price` DISABLE KEYS */;
INSERT INTO `price` VALUES (1,1,NULL,50000.00,'2020-10-05 01:09:57',NULL),(2,2,NULL,100000.00,'2020-10-05 01:10:09',NULL),(3,3,NULL,80000.00,'2020-10-05 01:10:21',NULL),(4,4,NULL,2000.00,'2020-10-05 01:10:49',NULL),(5,5,NULL,10000.00,'2020-10-05 01:10:58',NULL),(6,NULL,1,50.00,'2020-10-05 01:11:10',NULL),(7,NULL,6,85.00,'2020-10-05 01:11:20',NULL),(8,NULL,65,852.20,'2020-10-05 01:11:29',NULL),(9,NULL,9,422.00,'2020-10-05 01:11:38',NULL),(10,NULL,64,67.40,'2020-10-05 01:12:06',NULL);
/*!40000 ALTER TABLE `price` ENABLE KEYS */;
UNLOCK TABLES;

--
-- Table structure for table `product`
--

DROP TABLE IF EXISTS `product`;
/*!40101 SET @saved_cs_client     = @@character_set_client */;
/*!50503 SET character_set_client = utf8mb4 */;
CREATE TABLE `product` (
  `id` int NOT NULL COMMENT 'штрихкод',
  `barcode` int unsigned NOT NULL,
  `name` varchar(255) DEFAULT NULL COMMENT 'название товара',
  PRIMARY KEY (`id`)
) ENGINE=InnoDB DEFAULT CHARSET=utf8mb4 COLLATE=utf8mb4_0900_ai_ci COMMENT='Продукты (вода, коктейли)';
/*!40101 SET character_set_client = @saved_cs_client */;

--
-- Dumping data for table `product`
--

LOCK TABLES `product` WRITE;
/*!40000 ALTER TABLE `product` DISABLE KEYS */;
INSERT INTO `product` VALUES (1,645615187,'autem'),(2,907824885,'omnis'),(3,271711461,'sapiente'),(4,947503083,'dolor'),(5,837887386,'eligendi'),(6,586838213,'quos'),(7,542619502,'suscipit'),(8,941749565,'dolor'),(9,572000514,'sit'),(10,864774972,'a'),(11,555369490,'reprehenderit'),(12,361440345,'quas'),(13,686041889,'ab'),(14,857979178,'quibusdam'),(15,671845198,'aut'),(16,686536745,'impedit'),(17,349787142,'eaque'),(18,397226620,'qui'),(19,867491416,'laboriosam'),(20,515324720,'necessitatibus'),(21,526897952,'molestiae'),(22,368272078,'error'),(23,878138784,'veritatis'),(24,808887678,'et'),(25,825339757,'laborum'),(26,120332175,'quo'),(27,829514836,'quia'),(28,660404053,'autem'),(29,315964850,'ut'),(30,189552552,'voluptatem'),(31,132606115,'velit'),(32,352404961,'omnis'),(33,487816834,'et'),(34,469244098,'et'),(35,695091190,'iste'),(36,210952896,'ullam'),(37,364856281,'tempora'),(38,494861055,'et'),(39,874839218,'provident'),(40,653437327,'ducimus'),(41,587946675,'necessitatibus'),(42,697601578,'id'),(43,449766217,'qui'),(44,423611938,'commodi'),(45,698937043,'est'),(46,594442169,'culpa'),(47,569796627,'praesentium'),(48,954126836,'porro'),(49,140534800,'rerum'),(50,408868339,'saepe'),(51,368954112,'deleniti'),(52,313026448,'distinctio'),(53,320938602,'consequatur'),(54,318976461,'qui'),(55,825275048,'sed'),(56,791054699,'nam'),(57,715872899,'praesentium'),(58,342722162,'consequatur'),(59,883968958,'omnis'),(60,560772385,'aut'),(61,184327455,'cum'),(62,159105680,'possimus'),(63,146528998,'et'),(64,300908626,'error'),(65,852920239,'ea'),(66,923814274,'corporis'),(67,742479951,'maxime'),(68,275592243,'temporibus'),(69,923108961,'autem'),(70,711970650,'dolor'),(71,511937417,'nostrum'),(72,514632073,'dolores'),(73,366510316,'dolor'),(74,827484020,'harum'),(75,429512821,'quia'),(76,864400411,'voluptate'),(77,684183682,'et'),(78,297551487,'molestias'),(79,134743134,'dolores'),(80,121254846,'illum'),(81,171679315,'autem'),(82,458810572,'voluptatum'),(83,716602901,'est'),(84,168338780,'quia'),(85,631540561,'sint'),(86,747036057,'quaerat'),(87,167713134,'tenetur'),(88,945369938,'consequuntur'),(89,175325732,'quod'),(90,852669895,'ut'),(91,124671058,'recusandae'),(92,873483339,'dicta'),(93,483819913,'sed'),(94,716791663,'et'),(95,417391280,'vel'),(96,802044276,'sit'),(97,516077332,'minima'),(98,346919466,'repudiandae'),(99,908626445,'vitae'),(100,314605472,'reprehenderit');
/*!40000 ALTER TABLE `product` ENABLE KEYS */;
UNLOCK TABLES;

--
-- Table structure for table `sale`
--

DROP TABLE IF EXISTS `sale`;
/*!40101 SET @saved_cs_client     = @@character_set_client */;
/*!50503 SET character_set_client = utf8mb4 */;
CREATE TABLE `sale` (
  `id` int NOT NULL AUTO_INCREMENT,
  `product_id` int DEFAULT NULL,
  `type_services_id` int DEFAULT NULL,
  `quantity` tinyint unsigned NOT NULL COMMENT 'количество',
  `price_withoutvat` float(20,2) unsigned NOT NULL,
  `total_withoutvat` float(20,2) unsigned NOT NULL COMMENT 'Итого без НДС',
  `created_date` datetime NOT NULL DEFAULT CURRENT_TIMESTAMP COMMENT 'дата покупки',
  PRIMARY KEY (`id`)
) ENGINE=InnoDB AUTO_INCREMENT=5 DEFAULT CHARSET=utf8mb4 COLLATE=utf8mb4_0900_ai_ci COMMENT='Продажи';
/*!40101 SET character_set_client = @saved_cs_client */;

--
-- Dumping data for table `sale`
--

LOCK TABLES `sale` WRITE;
/*!40000 ALTER TABLE `sale` DISABLE KEYS */;
INSERT INTO `sale` VALUES (1,NULL,1,1,50000.00,50000.00,'2020-10-05 01:14:21'),(2,NULL,5,1,10000.00,10000.00,'2020-10-05 01:15:13'),(3,6,NULL,2,85.00,170.00,'2020-10-05 01:17:45'),(4,65,NULL,3,852.20,2556.60,'2020-10-05 01:18:31');
/*!40000 ALTER TABLE `sale` ENABLE KEYS */;
UNLOCK TABLES;

--
-- Table structure for table `services`
--

DROP TABLE IF EXISTS `services`;
/*!40101 SET @saved_cs_client     = @@character_set_client */;
/*!50503 SET character_set_client = utf8mb4 */;
CREATE TABLE `services` (
  `id` int NOT NULL AUTO_INCREMENT,
  `name` varchar(255) NOT NULL COMMENT 'название сервиса, например: персональная тренировка, годовая карта',
  `validity` smallint unsigned NOT NULL COMMENT 'срок действия в днях',
  `freezing` tinyint unsigned DEFAULT NULL COMMENT 'количество дней заморозки',
  `quantity` tinyint unsigned DEFAULT NULL COMMENT 'количество, например тренировок',
  PRIMARY KEY (`id`)
) ENGINE=InnoDB AUTO_INCREMENT=6 DEFAULT CHARSET=utf8mb4 COLLATE=utf8mb4_0900_ai_ci COMMENT='Типы сервисов';
/*!40101 SET character_set_client = @saved_cs_client */;

--
-- Dumping data for table `services`
--

LOCK TABLES `services` WRITE;
/*!40000 ALTER TABLE `services` DISABLE KEYS */;
INSERT INTO `services` VALUES (1,'карта на 3 месяца',90,NULL,NULL),(2,'карта на год',365,30,NULL),(3,'карта дневная',365,NULL,NULL),(4,'персональная тренировка',1,NULL,1),(5,'10 персональных тренирововк',30,NULL,10);
/*!40000 ALTER TABLE `services` ENABLE KEYS */;
UNLOCK TABLES;

--
-- Table structure for table `services_clients`
--

DROP TABLE IF EXISTS `services_clients`;
/*!40101 SET @saved_cs_client     = @@character_set_client */;
/*!50503 SET character_set_client = utf8mb4 */;
CREATE TABLE `services_clients` (
  `client_id` int NOT NULL,
  `service_id` int NOT NULL,
  `trainers_id` int DEFAULT NULL,
  `begin_date` date NOT NULL COMMENT 'дата начала действия карты/персональных тренировок',
  `end_date` date DEFAULT NULL COMMENT 'дата окончания действия карты/персональных тренировок',
  PRIMARY KEY (`client_id`,`service_id`)
) ENGINE=InnoDB DEFAULT CHARSET=utf8mb4 COLLATE=utf8mb4_0900_ai_ci COMMENT='Услуги, приобретенные клиентом';
/*!40101 SET character_set_client = @saved_cs_client */;

--
-- Dumping data for table `services_clients`
--

LOCK TABLES `services_clients` WRITE;
/*!40000 ALTER TABLE `services_clients` DISABLE KEYS */;
INSERT INTO `services_clients` VALUES (1,1,1,'1997-08-26','1991-05-31'),(2,2,2,'2002-08-05','2001-09-11'),(3,3,3,'2000-05-21','1994-07-19'),(4,4,4,'1986-05-24','1986-05-24'),(5,5,5,'1998-03-02','1998-10-26'),(6,1,6,'1995-02-09','1986-07-01'),(7,2,7,'1991-11-18','1990-09-11'),(8,3,8,'1986-01-16','2006-04-11'),(9,4,9,'1980-01-15','1980-01-15'),(10,5,10,'2009-09-27','2002-12-26'),(11,1,11,'1986-04-21','2008-03-14'),(12,2,12,'1986-03-06','2001-01-26'),(13,3,13,'1978-04-23','1983-04-07'),(14,4,14,'1970-04-17','1970-04-17'),(15,5,15,'1990-06-21','1986-11-26'),(16,1,16,'2004-12-01','1988-08-08'),(17,2,17,'1979-11-30','2015-06-21'),(18,3,18,'1996-10-25','2013-07-11'),(19,4,19,'2006-02-16','2006-02-16'),(20,5,20,'1970-02-07','2001-09-22'),(21,1,21,'1990-08-18','1976-04-26'),(22,2,22,'2012-05-11','1972-06-23'),(23,3,23,'1984-10-05','2003-10-14'),(24,4,24,'2000-12-02','2000-12-02'),(25,5,25,'2008-12-13','1980-05-04'),(26,1,26,'1984-10-11','1981-10-27'),(27,2,27,'2013-04-18','2012-04-28'),(28,3,28,'1979-05-01','1999-07-11'),(29,4,29,'1978-06-05','1978-06-05'),(30,5,30,'2002-06-23','1995-12-13'),(31,1,31,'1998-04-29','1980-11-12'),(32,2,32,'1994-04-27','1987-07-21'),(33,3,33,'2006-07-27','1974-07-06'),(34,4,34,'2010-07-26','2010-07-26'),(35,5,35,'1991-02-27','1996-10-29'),(36,1,36,'1997-09-01','2003-03-06'),(37,2,37,'2009-01-14','1980-10-18'),(38,3,38,'2004-04-15','1996-04-11'),(39,4,39,'2017-02-28','2017-02-28'),(40,5,40,'2004-03-26','1978-12-04'),(41,1,41,'2005-09-24','2012-10-02'),(42,2,42,'1982-08-30','2008-12-11'),(43,3,43,'1995-07-24','1988-08-03'),(44,4,44,'2016-09-08','2016-09-08'),(45,5,45,'1988-05-02','1995-09-29'),(46,1,46,'2007-11-15','1983-05-12'),(47,2,47,'1998-09-17','1996-06-25'),(48,3,48,'1975-03-10','1992-02-17'),(49,4,49,'2003-05-08','2003-05-08'),(50,5,50,'1984-11-27','2012-12-31'),(51,1,51,'1993-05-31','1983-04-08'),(52,2,52,'1992-06-12','1977-09-13'),(53,3,53,'2013-08-26','1971-05-23'),(54,4,54,'1979-09-05','1979-09-05'),(55,5,55,'1999-07-13','1983-03-18'),(56,1,56,'1992-07-10','1999-10-29'),(57,2,57,'1996-10-03','2019-03-16'),(58,3,58,'2003-09-27','1971-10-24'),(59,4,59,'2004-06-03','2004-06-03'),(60,5,60,'2003-09-15','2010-07-31'),(61,1,61,'1979-01-13','1990-05-26'),(62,2,62,'2002-11-18','1983-04-22'),(63,3,63,'1977-03-02','1987-09-16'),(64,4,64,'1986-09-19','1986-09-19'),(65,5,65,'1976-08-03','1973-07-03'),(66,1,66,'2006-03-08','2009-03-21'),(67,2,67,'2015-11-17','1993-09-16'),(68,3,68,'1984-08-21','1975-11-22'),(69,4,69,'1986-09-19','1986-09-19'),(70,5,70,'1990-01-26','2001-12-08'),(71,1,71,'1999-07-22','1997-08-18'),(72,2,72,'1993-02-14','1993-07-19'),(73,3,73,'1981-12-01','1972-12-06'),(74,4,74,'1990-08-07','1990-08-07'),(75,5,75,'1976-06-16','1994-09-28'),(76,1,76,'1983-01-12','1984-11-01'),(77,2,77,'1990-07-07','1983-07-23'),(78,3,78,'1998-07-22','1986-10-14'),(79,4,79,'2004-04-25','2004-04-25'),(80,5,80,'1984-01-10','1986-06-02'),(81,1,81,'1970-09-20','1986-11-28'),(82,2,82,'2012-06-13','1999-11-10'),(83,3,83,'2014-05-04','1999-10-07'),(84,4,84,'1995-09-16','1995-09-16'),(85,5,85,'1976-04-05','1997-10-17'),(86,1,86,'2001-11-20','2007-12-29'),(87,2,87,'2001-06-15','1989-10-04'),(88,3,88,'1990-01-31','1996-07-10'),(89,4,89,'1974-06-15','1974-06-15'),(90,5,90,'1983-10-24','1995-08-31'),(91,1,91,'2015-06-24','1989-10-02'),(92,2,92,'1996-05-10','1972-02-29'),(93,3,93,'1984-11-23','1975-04-18'),(94,4,94,'1972-08-04','1972-08-04'),(95,5,95,'1981-10-11','1977-10-18'),(96,1,96,'2000-01-19','2014-11-05'),(97,2,97,'1970-03-05','1991-09-19'),(98,3,98,'1970-04-30','2016-05-20'),(99,4,99,'1972-08-04','1972-08-04'),(100,5,100,'2008-12-17','1979-12-03');
/*!40000 ALTER TABLE `services_clients` ENABLE KEYS */;
UNLOCK TABLES;

--
-- Table structure for table `trainers`
--

DROP TABLE IF EXISTS `trainers`;
/*!40101 SET @saved_cs_client     = @@character_set_client */;
/*!50503 SET character_set_client = utf8mb4 */;
CREATE TABLE `trainers` (
  `id` int NOT NULL AUTO_INCREMENT,
  `first_name` varchar(100) NOT NULL COMMENT 'фамилия',
  `last_name` varchar(100) NOT NULL COMMENT 'имя',
  `middle_name` varchar(100) DEFAULT NULL COMMENT 'отчество',
  `phone` bigint NOT NULL COMMENT 'телефон',
  `gender` enum('m','f') NOT NULL COMMENT 'пол: m - мужчина, f - женщина',
  `photo` blob NOT NULL COMMENT 'телефон',
  PRIMARY KEY (`id`,`phone`),
  UNIQUE KEY `phone_UNIQUE` (`phone`)
) ENGINE=InnoDB AUTO_INCREMENT=101 DEFAULT CHARSET=utf8mb4 COLLATE=utf8mb4_0900_ai_ci COMMENT='Тренеры';
/*!40101 SET character_set_client = @saved_cs_client */;

--
-- Dumping data for table `trainers`
--

LOCK TABLES `trainers` WRITE;
/*!40000 ALTER TABLE `trainers` DISABLE KEYS */;
INSERT INTO `trainers` VALUES (1,'Jarret','Waelchi','Jamir',9321230124,'m',_binary 'f44233efce9157b32fb5196a3131e6a9bbfc68f5cf426c86c6b1af1f62f011f5'),(2,'Keyshawn','Weber','Consuelo',9959228187,'f',_binary '68317e5f48ab1e4f12a71db889564fed8be09dd1f868cb33d219698cd773415f'),(3,'Hermina','Robel','Ryan',9696385797,'f',_binary '33c51cc5c19555b3e3cb2d0426886b88f1a0dd762e2ba6920cdb5132234cbfbb'),(4,'Ozella','Keeling','Julius',9267786126,'m',_binary '41f44c145dde3fdf73c85ed8e9f799f5c4f59894bdabb104b6e92a8d368fbeca'),(5,'Lane','Rice','Gus',9062384909,'m',_binary '1001aeb80cd2754378e8ec208ead94980c349be55023917530a18f1d43392bd3'),(6,'Ford','Quigley','Joel',9783818537,'m',_binary '1c4355a6f0d3b18302d6ba6e478dab8626eed13e98467d932ce1011a43e68219'),(7,'Jimmie','Sawayn','Emmett',9968861410,'f',_binary '9950468a229c6c5333b0431e43f4bcbc280c1b9ddbbc9b7cdd561dc48257867a'),(8,'Alena','Yundt','Adrien',9685228019,'m',_binary '0ae92182115c8e682ee2407afc4d3524ca71dd58be6b82955877b5e183ffd452'),(9,'Jude','Howell','Cary',9939568942,'f',_binary 'f6623e8e5b1e893f91415914ba2076fa9ea5fecd0552c856663e809acce108db'),(10,'Maxwell','Tromp','Tod',9585180422,'f',_binary 'aa6108abf276b6e66bcefa433ec964dca08109ccfacb9f1fd718b087f9231ed1'),(11,'Aron','Mraz','Arnulfo',9010121277,'f',_binary '8b03a65916775174e4b0041c53ea4bc8bbe7af3146393d845eeb0ce075436dc8'),(12,'Corrine','Swaniawski','Juvenal',9011141090,'m',_binary 'eef94c1c87f990dcea16deb3430579cd415ec8b1a3eefdf2d8e8fd1644b8ce6a'),(13,'Adella','Gutkowski','Jordon',9120663388,'m',_binary '1c14d8e9a76bc1fb17ec6249cb645176e9eb07869e077df061fcbea2a0b9fc89'),(14,'Melody','Roob','Brycen',9669479015,'m',_binary '9b284c8b2fb8d918aa639f9d4c8a3e461f0db9e3d7f806949a27f4cd77979fe0'),(15,'Heloise','Murazik','Keshawn',9229018117,'m',_binary '0414d3f2f97509fcf286ebfd53fbe4cdf89e1f46c7ac749efc6ae7596d69b21f'),(16,'Zella','Hahn','Louvenia',9988647117,'f',_binary '7cc060da1bc50241a8357fb1547c98c32886531ec03f70eb1198f9763949f873'),(17,'Shany','Harris','Leonardo',9578909967,'m',_binary 'af265f42e0c810fd5d43e669aef565527ac8f7df80a9fb36d117d70e919342a6'),(18,'Pedro','Hilll','Johnny',9127778597,'m',_binary '7bbaf9191d3eacc44af243b00cbb6e6ee99c34f0dc1ee436967ff4a4b880c3d7'),(19,'Celia','Veum','Jeffrey',9306285489,'f',_binary '4c88284c1f5940d9b63a5ca565ef0dc007c3317dbc5b965c68edea2480c5fbbc'),(20,'Margot','Green','Braden',9363321198,'f',_binary 'ef4af146f084fe551e8dd6102c4bda2e7c839d3dbbf317d818de4b339c0c5d31'),(21,'Eduardo','Reynolds','Randy',9734886712,'m',_binary 'd67535ac982a72cf381562f5611f5ef2b38bb32defe41b1f6cc3f0893f600526'),(22,'Kayleigh','Bernier','Toy',9299968971,'f',_binary '81e61a468129ce5a7158c437fc7755824b2a9eb2fb1d4fbccf98873c824a7a73'),(23,'Drew','Pacocha','Carmel',9248224487,'m',_binary 'bed3aa743a8d128de9f3e0c1c4004aa66ea405987b96c8f7bc4b4c8c920acf70'),(24,'Oscar','McCullough','Carlos',9822268589,'f',_binary '79f03e5a6c17c97d314fcc9593a92fc343aaf1fd087cc97885ecc6a06df98881'),(25,'Nelson','Marquardt','Benny',9305413349,'m',_binary '01fcfc32d75713c98d728e887f19d3d847ba358a0a315e8525d1bac386405d1a'),(26,'Garth','Boehm','Nolan',9307227926,'m',_binary 'd2b07f2374f7f22116bf8757accd5b69cdd22c7524312fc9e5e1e6d995d86a42'),(27,'Hildegard','Schulist','Eliezer',9316946307,'m',_binary 'dcd28a3d76f1761ba688e1ebe51a905418b7d2948c2de206eaa60f7723accf79'),(28,'Cara','Kertzmann','Federico',9745271608,'f',_binary '74150592413fdca823cbf3430bd8b5b029e93d0bc1d6a5509b803db6c0a89e6f'),(29,'Alvah','Wiegand','Domenico',9380278025,'f',_binary '43adb26631e1333876a7ffb2a94fecd8ff0990dc216d7e6fe46271fb03a96f00'),(30,'Godfrey','West','Bennie',9322531468,'m',_binary '7aa45177e502b7b0921e94b0477b527f52f513c8016835fe012c8adfb621daaa'),(31,'Unique','Ullrich','Niko',9210095355,'m',_binary 'a7ad4dc3bbffe14af40ac6c23d2ee9c6fdabd0367254f650038a5bee3558d0bd'),(32,'Alfonzo','Johnston','Herman',9617530817,'f',_binary '2631469453d2a1bbcfe84aa9ac26c5b0071fafec150302b9bfd7eaf196591c73'),(33,'Elisa','Mann','Andre',9771731466,'m',_binary 'b2c5cc78f58c400108c945f631059fdb0e7ea5781d595bf99bc6c2b4ea8025a5'),(34,'Jocelyn','Becker','Major',9545658809,'f',_binary 'd548ff7076728d795784bd744641729e77af0c67355f191148c89893b4291024'),(35,'Paxton','Kuhic','Colby',9738202334,'m',_binary '69754c51f9934874a6ec114aba94789bcff7ccbe13213b3e524c3863bf3a5d66'),(36,'Bud','Schamberger','Eino',9493879489,'f',_binary '58f6627a2aed55abf8fe22914417939434b12101f8338156b51b37962a9586c9'),(37,'Yesenia','West','Rey',9122130847,'f',_binary 'aedf6b8efc6fa55beb5945d533a0eb59e5fb8c2c9ed7164198e76b38d397b0b9'),(38,'Marianna','Zemlak','Niko',9019550356,'f',_binary 'd24ad35fd8eb738b946981339d94cee0a4740478cc825119322fa3c3742084d3'),(39,'Keeley','Aufderhar','Mariano',9422100101,'m',_binary '285bb797b7c1ccfc7eb7d1bbb889a087baed602cddad0efd1bd647676f9c23bd'),(40,'Jordon','Carter','Kyler',9471017889,'f',_binary 'ce07e23fa9f8d9a8403cccded3b7a85019d5acd006dcd642023455c4d658f1e7'),(41,'Alysa','Hansen','Reese',9644569047,'f',_binary '4e0b359debb4b3c2f4a465dd30ce0930dbd401df1cacc1b4f82a9f7fdfcfc1ae'),(42,'Maddison','Stroman','Orval',9580686368,'m',_binary '6acec1a48fbea493e427b8df8b530eaeda74a4918ffcb71ddaed047794dd706b'),(43,'Elian','Goyette','Jay',9402251413,'m',_binary 'd93ab40e4a7ed8d168eb5324ab33c201a2ca2a7856f34f3712395c8d909c30b0'),(44,'Mozell','Koch','Louvenia',9033926401,'f',_binary '99e0047259f0e92683ec57105e5d75958f98961d975ba0d4cb73fb9ab43bfad2'),(45,'Natalie','Carroll','Tyler',9267462450,'m',_binary '973ed6cca8aa1fd1720cc31715fa3874f7efb329a73d0c76e74dee794df63dd1'),(46,'Cornelius','Heaney','Evan',9515618529,'f',_binary '197cb8b0ba2d96e93ffea91485a61ab4489a048034527de3a566f85171df65f7'),(47,'Chris','Wehner','Vincenzo',9485961322,'m',_binary 'e691232d271f12db4bf17ee0991425fe94250fd09f47d37001202b3faf3294b7'),(48,'Ernesto','Kuhic','Justice',9444108366,'m',_binary 'dd89746e1a9cf32de85b82d1240537079952259845a44bd11588cd2b94dfb0b0'),(49,'Tyler','Christiansen','Harold',9246543684,'m',_binary '95db54f90e7d469c669b6b69a769e15898788e151e7d0a88adce0820712529fd'),(50,'Dante','O\'Conner','Sigrid',9912946541,'m',_binary '91a20a47d7f89ab03b147fe8f75b168659e4ce226eed3aadcd1bd5a01a27818d'),(51,'Reagan','Denesik','Damian',9696102471,'f',_binary '2216cba7ef1fce1ce5e6d0e01a366683b357aa73a5e91c36f1319f87470a478c'),(52,'Angeline','Wiegand','Dayne',9823456828,'f',_binary 'e1ae5716cd46a34959040bfb3793377d1132b4cc97245b846403c7743aedd12e'),(53,'Laisha','Daniel','Jamir',9651025008,'f',_binary '9d91651c4a4052e05a6593f040ef7c603e3d518d3983012e950de72e85d2409a'),(54,'Krystina','Zboncak','Nico',9814830415,'f',_binary '07e997bef091cdb1739971300183021730160607c196212869085911949e3161'),(55,'Kareem','Adams','Dustin',9438572668,'f',_binary '542329d895b171e40436ecb75674bb7764ec7a74fa655b2a7bafae1c46e00fb4'),(56,'Mallory','Spinka','Angel',9651496770,'f',_binary '3075e0433eb186152eab2d3523403fab3f58edfb94a9b00a5365cb09eb6a4f7d'),(57,'Ward','Stehr','Gabe',9678526754,'f',_binary '5cad1cf9f80a0fc05b22443b8364f0b447acc6565ab097da4b8b350784293fda'),(58,'Garrett','Corkery','Adolph',9962686853,'f',_binary '1b305bdcd4a3e52293b6c0b874cf5e38b7cd7306c67ac1170a4c752e8797b6c1'),(59,'Sincere','Greenholt','Ellis',9470198330,'f',_binary '119df9b391ccd642437d804628117ae550449563e1b27ed09b28e5c43c3e0d64'),(60,'Otilia','Feil','Lisandro',9208912430,'m',_binary '769ee271d40b0258e3f0ef250148266f3cef54e70e84d208db2d94c6fcecbe27'),(61,'Kennith','Hickle','Maxime',9913985514,'m',_binary '8b8fa168922eb62a219776e5af914ea49087d45bdab5ff5f405b0417b4c21831'),(62,'Wiley','Hayes','Jarret',9994197362,'m',_binary '615a94e05ad9cfec22b328fc83c24f132f0d944cb4149fc06cdc8b3a1e43f866'),(63,'Daphney','Lueilwitz','Tobin',9248784013,'m',_binary '8090dd745ab916841f00aa7e1cc0549961985aa014c983757f72f7f3cf33525d'),(64,'Juana','Ritchie','Manley',9432583785,'f',_binary '508af0572fe80b9572938a8c833082cdf6d01976963338c637bf819f034c9980'),(65,'Carrie','O\'Hara','Gay',9934697961,'m',_binary 'b9d975d65ae9fbc70cf31dfd8d7964aac53cf67f5b7610a352960600138296a5'),(66,'Miller','Harber','Jovany',9163377056,'m',_binary '84260c4f8ca8588b1341eaa2abe4cad4dd3806d3e4f4eabeb81986d6e4e802b4'),(67,'Jaeden','Bernhard','Hunter',9944623346,'m',_binary '08413f625414241a50ec60bb8a9137d7a92518b043ca901eeceded7241550d41'),(68,'Thaddeus','Frami','Ray',9420364101,'f',_binary 'f9e767a5c170430052425e81ed1361339d4bdfa80fd076cd8f2157da8fd2e654'),(69,'Jeramy','Lind','Louvenia',9582408632,'f',_binary '7b29b75e213602a77a00b75b05f28e7a725d5c8d1808d98d9c7a51c007d23add'),(70,'London','Fahey','Thomas',9209653254,'m',_binary '456b2922b7c75712f8083b3310c4aa29e90b2f9d54b1e514378b3eb08e3a5a70'),(71,'Stanley','Stoltenberg','Dorcas',9495059222,'m',_binary 'd31cb9ed1af94fb162b15b2ce891165038c455c2fd05d5f3328cd0a9c41817da'),(72,'Jammie','Lesch','Rusty',9240985964,'f',_binary '47f147fcf4f1e26e1c060a94cc69458679fdd39a8c54a33d1a5a504e25c71077'),(73,'Bryce','Wiza','Hillard',9904907425,'m',_binary '8f3413d890079d18aa55c6fd6b8d38732a7c3358cfe960b4c49ca27fa2bbb7f9'),(74,'Lupe','Raynor','Morton',9103498358,'m',_binary 'c468488478c0c50a09c6baca5ffe822d6f59c1ccf63de5834e97c5f1493377b1'),(75,'Anya','Altenwerth','Hailey',9604568782,'m',_binary '07d32f29a6d104a11d4fedd2491e5d69a2cced69c0cf9be1891f22d89db44679'),(76,'Brian','Schultz','Rhett',9389857378,'m',_binary 'd64def02ce375ff97915ab1be02f0c97d864598607bb3fc0df1a65d550537a55'),(77,'Hermina','Goldner','Wilburn',9435799506,'m',_binary '63b1551afe6bb3b6c808d07ca41b9051406b1431eacb1bf95fb3f82f5eb2dda3'),(78,'Lesly','Gaylord','Johnathon',9454016292,'f',_binary '6197f936592683421008e615ea437f43c2aa094339d152550d6b6458528a22c4'),(79,'Cassandre','Legros','Manuela',9286860428,'f',_binary '944be9720d40d5b713eac4f90a85d6d35de0a259863fd631d8064e5a8e035658'),(80,'Kaley','McClure','Robin',9896263044,'m',_binary '3a9383e82b5e2e3e62fa4f9336470f31c34a802ad05ae6623dd65047eb749d70'),(81,'Candace','Weissnat','Sidney',9668616363,'f',_binary '0a20ea059a8b7d63a7547ea86d3341bc04f69d794b725d6b8d55eb7b85e22dd4'),(82,'Hellen','Kiehn','Brook',9861018777,'f',_binary '35ad84455ba2d3975c15508bc3606ad264f23f2b387f84352f5f5ddda7ad36e1'),(83,'Ignacio','Veum','Barney',9360601885,'m',_binary 'a5e6453a11fb7b59a0fd7d3939f0495efe1d91fbb940bab27b0d7d965163bc2a'),(84,'Andreanne','Feest','Soledad',9345941202,'m',_binary 'c91954783fead11db00a2dab8be656be5aca625c8b848e7a444b0a64fc9434e0'),(85,'Flossie','Mayert','Seth',9355380775,'f',_binary '83e142030f10cf5b6b399ef18f56a8d402d3b368c7ec524f818cbbab721b9b2c'),(86,'Antonette','Hoppe','Kennedy',9725145342,'m',_binary 'da8bb9e6342bb520f0b4f5e017ed40046b1db2fa8d0552b735b1d473b036edfa'),(87,'Modesta','Gerhold','Ryan',9685100224,'m',_binary 'cb353300fba685a038609ca66431372726f7b97ed2d252d64c89498badc073fc'),(88,'Ewald','VonRueden','Dennis',9600248551,'m',_binary '191d0b6879f091e1287a01e50eeaba76d1805c273c4f7eb7a449c91b24c6e991'),(89,'Chadd','Waters','Chester',9973521059,'m',_binary 'd3bd5bc489609929ec5d0b18f05a8057dfa678852fed8c9ee2b0c046c74efb8c'),(90,'Nikko','Bins','Rollin',9695888802,'f',_binary 'e480a79bc71d5dd35b62c2a8927d739647028196c753829c2f9e6644cbf70c6f'),(91,'Sabina','Lesch','August',9421281002,'m',_binary 'b1149004ad235a5fea8f31445682d0bb1eef5337c7eae86d643976476149fcb8'),(92,'Micah','Renner','Colin',9411378598,'f',_binary '5fe77084e2b73d5dda8c20debf8e4324311907c6e4fc512a03dc0563e7c53395'),(93,'Abigayle','Towne','Vinnie',9832949200,'m',_binary '62e14fa9fc16625e6e38dc0d6a033ec6ce7779012394fce09ea7c63dae2174c9'),(94,'Major','Wisoky','Kurtis',9834473165,'m',_binary '985ece170f9f2b178bc121ead97d693490bf4e1c37954bc8709071e573f89a3e'),(95,'Zaria','Heidenreich','Cody',9096917231,'f',_binary 'fca8777603daccc348d5736a5de39d876b21ed98380041ca159f3ac53d895adb'),(96,'Arvilla','Lockman','Kayden',9016232776,'f',_binary '4601f5b74153291520464bd6308ea213d281c9dd3464adde48d4c073b348b077'),(97,'Pascale','Leuschke','Jamal',9823947050,'f',_binary '381891e95165fee9c7805bae1e516a20ece3780af8b903f50daa394a6d06fb87'),(98,'Reinhold','Ryan','Horace',9620927418,'f',_binary '14c8302af75e09ceb72f99073202a4a31037f2781c3a7dff55503764c2fed807'),(99,'Vergie','Gorczany','Logan',9594401936,'m',_binary '1a2505d683784671eccbeee26357ad478f0bb14efc96ecf967ccb1cc13026cdd'),(100,'Preston','Ankunding','Gerard',9284492501,'f',_binary '0ade931dd573d27243236e67c27547ab9fcd47a481712145d9b1dfc9efc03de3');
/*!40000 ALTER TABLE `trainers` ENABLE KEYS */;
UNLOCK TABLES;
/*!40103 SET TIME_ZONE=@OLD_TIME_ZONE */;

/*!40101 SET SQL_MODE=@OLD_SQL_MODE */;
/*!40014 SET FOREIGN_KEY_CHECKS=@OLD_FOREIGN_KEY_CHECKS */;
/*!40014 SET UNIQUE_CHECKS=@OLD_UNIQUE_CHECKS */;
/*!40101 SET CHARACTER_SET_CLIENT=@OLD_CHARACTER_SET_CLIENT */;
/*!40101 SET CHARACTER_SET_RESULTS=@OLD_CHARACTER_SET_RESULTS */;
/*!40101 SET COLLATION_CONNECTION=@OLD_COLLATION_CONNECTION */;
/*!40111 SET SQL_NOTES=@OLD_SQL_NOTES */;

-- Dump completed on 2020-10-05  9:16:19
