ClientID;ClientName;RegionID;SalesChannelID
512367;Клиент512367;22;2
512368;Клиент512368;22;2
512905;Клиент512905;22;2
555872;Клиент555872;22;2
636160;Клиент636160;22;2
636200;Клиент636200;22;2
636633;Клиент636633;22;2
636810;Клиент636810;22;2
636837;Клиент636837;22;2
636840;Клиент636840;22;2
636846;Клиент636846;22;2
636855;Клиент636855;22;2
636869;Клиент636869;22;2
636876;Клиент636876;22;2
636880;Клиент636880;22;2
636883;Клиент636883;22;2
636886;Клиент636886;22;2
636888;Клиент636888;22;2
636915;Клиент636915;22;2
636938;Клиент636938;22;2
636941;Клиент636941;22;2
636942;Клиент636942;22;2
636943;Клиент636943;22;2
636945;Клиент636945;22;2
636946;Клиент636946;22;2
636947;Клиент636947;22;2
636948;Клиент636948;22;2
636950;Клиент636950;22;2
636951;Клиент636951;22;2
636952;Клиент636952;22;2
636955;Клиент636955;22;2
636956;Клиент636956;22;2
636962;Клиент636962;22;2
636972;Клиент636972;22;2
636973;Клиент636973;22;2
637014;Клиент637014;22;2
637033;Клиент637033;22;2
637035;Клиент637035;22;2
637049;Клиент637049;22;2
637052;Клиент637052;22;2
637074;Клиент637074;22;2
637075;Клиент637075;22;2
637079;Клиент637079;22;2
637092;Клиент637092;22;2
637126;Клиент637126;22;2
637891;Клиент637891;22;2
637893;Клиент637893;22;2
637895;Клиент637895;22;2
637900;Клиент637900;22;2
637905;Клиент637905;22;2
638228;Клиент638228;22;2
638587;Клиент638587;22;2
638592;Клиент638592;22;2
638610;Клиент638610;22;2
638847;Клиент638847;22;2
639345;Клиент639345;22;2
639435;Клиент639435;22;2
640566;Клиент640566;22;2
641592;Клиент641592;22;2
642801;Клиент642801;22;2
642875;Клиент642875;22;2
642991;Клиент642991;22;2
642992;Клиент642992;22;2
801039;Клиент801039;22;2
817781;Клиент817781;22;2
817890;Клиент817890;22;2
817931;Клиент817931;22;2
818090;Клиент818090;22;2
841003;Клиент841003;22;2
841004;Клиент841004;22;2
841005;Клиент841005;22;2
841008;Клиент841008;22;2
841009;Клиент841009;22;2
841012;Клиент841012;22;2
841013;Клиент841013;22;2
841014;Клиент841014;22;2
841015;Клиент841015;22;2
841016;Клиент841016;22;2
841017;Клиент841017;22;2
841023;Клиент841023;22;2
841024;Клиент841024;22;2
841025;Клиент841025;22;2
841026;Клиент841026;22;2
841029;Клиент841029;22;2
841030;Клиент841030;22;2
841031;Клиент841031;22;2
841034;Клиент841034;22;2
841035;Клиент841035;22;2
841036;Клиент841036;22;2
841037;Клиент841037;22;2
841042;Клиент841042;22;2
841048;Клиент841048;22;2
841054;Клиент841054;22;2
841077;Клиент841077;22;2
841190;Клиент841190;22;2
841539;Клиент841539;22;2
856969;Клиент856969;22;2
857013;Клиент857013;22;2
857110;Клиент857110;22;2
857112;Клиент857112;22;2
857213;Клиент857213;22;2
857643;Клиент857643;22;2
881344;Клиент881344;22;2
902268;Клиент902268;22;2
905453;Клиент905453;22;2
909820;Клиент909820;22;2
921141;Клиент921141;22;2
931603;Клиент931603;22;2
931727;Клиент931727;22;2
936639;Клиент936639;22;2
944909;Клиент944909;22;2
947192;Клиент947192;22;2
948512;Клиент948512;22;2
950308;Клиент950308;22;2
951137;Клиент951137;22;2
958122;Клиент958122;22;2
976455;Клиент976455;22;2
979452;Клиент979452;22;2
979846;Клиент979846;22;2
1003081;Клиент1003081;22;2
1003082;Клиент1003082;22;2
1003088;Клиент1003088;22;2
1003130;Клиент1003130;22;2
1003146;Клиент1003146;22;2
1003148;Клиент1003148;22;2
1003819;Клиент1003819;22;2
1003821;Клиент1003821;22;2
1003833;Клиент1003833;22;2
1003837;Клиент1003837;22;2
1003838;Клиент1003838;22;2
1003839;Клиент1003839;22;2
1003840;Клиент1003840;22;2
1004068;Клиент1004068;22;2
1004080;Клиент1004080;22;2
1004089;Клиент1004089;22;2
1004929;Клиент1004929;22;2
1004930;Клиент1004930;22;2
1004934;Клиент1004934;22;2
1004936;Клиент1004936;22;2
1004940;Клиент1004940;22;2
1017862;Клиент1017862;22;2
1017879;Клиент1017879;22;2
1017897;Клиент1017897;22;2
1017914;Клиент1017914;22;2
1020730;Клиент1020730;22;2
1020740;Клиент1020740;22;2
1027974;Клиент1027974;22;2
1038083;Клиент1038083;22;2
1051193;Клиент1051193;22;2
1051575;Клиент1051575;22;2
1052703;Клиент1052703;22;2
1061216;Клиент1061216;22;2
1063517;Клиент1063517;22;2
1067230;Клиент1067230;22;2
1067449;Клиент1067449;22;2
1067518;Клиент1067518;22;2
1067523;Клиент1067523;22;2
1067527;Клиент1067527;22;2
1067778;Клиент1067778;22;2
1067779;Клиент1067779;22;2
1067780;Клиент1067780;22;2
1068088;Клиент1068088;22;2
1068092;Клиент1068092;22;2
1068106;Клиент1068106;22;2
1068111;Клиент1068111;22;2
1068115;Клиент1068115;22;2
1068641;Клиент1068641;22;2
1068655;Клиент1068655;22;2
1089253;Клиент1089253;22;2
1090639;Клиент1090639;22;2
1100570;Клиент1100570;22;2
1101165;Клиент1101165;22;2
1105424;Клиент1105424;22;2
1109116;Клиент1109116;22;2
1109633;Клиент1109633;22;2
1120417;Клиент1120417;22;2
1122330;Клиент1122330;22;2
1245830;Клиент1245830;22;2
1252844;Клиент1252844;22;2
1253586;Клиент1253586;22;2
1333743;Клиент1333743;22;2
4359;Клиент4359;15;2
512380;Клиент512380;15;2
519991;Клиент519991;15;2
636806;Клиент636806;15;2
636835;Клиент636835;15;2
636841;Клиент636841;15;2
636843;Клиент636843;15;2
636847;Клиент636847;15;2
636851;Клиент636851;15;2
636863;Клиент636863;15;2
636864;Клиент636864;15;2
636871;Клиент636871;15;2
636873;Клиент636873;15;2
636875;Клиент636875;15;2
636877;Клиент636877;15;2
636891;Клиент636891;15;2
636892;Клиент636892;15;2
636899;Клиент636899;15;2
636902;Клиент636902;15;2
636906;Клиент636906;15;2
636914;Клиент636914;15;2
636923;Клиент636923;15;2
636933;Клиент636933;15;2
636936;Клиент636936;15;2
636937;Клиент636937;15;2
636939;Клиент636939;15;2
636940;Клиент636940;15;2
636944;Клиент636944;15;2
636974;Клиент636974;15;2
636980;Клиент636980;15;2
636981;Клиент636981;15;2
637037;Клиент637037;15;2
637064;Клиент637064;15;2
637065;Клиент637065;15;2
637066;Клиент637066;15;2
637067;Клиент637067;15;2
637068;Клиент637068;15;2
637069;Клиент637069;15;2
637070;Клиент637070;15;2
637072;Клиент637072;15;2
637073;Клиент637073;15;2
637196;Клиент637196;15;2
637892;Клиент637892;15;2
637894;Клиент637894;15;2
637896;Клиент637896;15;2
637897;Клиент637897;15;2
638057;Клиент638057;15;2
638192;Клиент638192;15;2
638595;Клиент638595;15;2
639434;Клиент639434;15;2
639439;Клиент639439;15;2
640160;Клиент640160;15;2
642994;Клиент642994;15;2
642995;Клиент642995;15;2
644879;Клиент644879;15;2
818016;Клиент818016;15;2
840995;Клиент840995;15;2
840996;Клиент840996;15;2
840998;Клиент840998;15;2
841000;Клиент841000;15;2
841007;Клиент841007;15;2
841019;Клиент841019;15;2
841020;Клиент841020;15;2
841022;Клиент841022;15;2
841038;Клиент841038;15;2
841039;Клиент841039;15;2
841040;Клиент841040;15;2
841041;Клиент841041;15;2
841047;Клиент841047;15;2
841050;Клиент841050;15;2
841051;Клиент841051;15;2
841052;Клиент841052;15;2
841053;Клиент841053;15;2
841058;Клиент841058;15;2
841059;Клиент841059;15;2
841060;Клиент841060;15;2
841061;Клиент841061;15;2
841063;Клиент841063;15;2
841066;Клиент841066;15;2
841067;Клиент841067;15;2
841068;Клиент841068;15;2
841069;Клиент841069;15;2
841070;Клиент841070;15;2
841073;Клиент841073;15;2
841074;Клиент841074;15;2
841076;Клиент841076;15;2
841617;Клиент841617;15;2
856948;Клиент856948;15;2
856960;Клиент856960;15;2
856963;Клиент856963;15;2
856964;Клиент856964;15;2
856965;Клиент856965;15;2
856982;Клиент856982;15;2
857027;Клиент857027;15;2
857045;Клиент857045;15;2
857129;Клиент857129;15;2
857293;Клиент857293;15;2
857645;Клиент857645;15;2
857731;Клиент857731;15;2
899810;Клиент899810;15;2
900676;Клиент900676;15;2
923317;Клиент923317;15;2
931478;Клиент931478;15;2
931839;Клиент931839;15;2
936638;Клиент936638;15;2
940508;Клиент940508;15;2
950826;Клиент950826;15;2
950828;Клиент950828;15;2
951139;Клиент951139;15;2
957911;Клиент957911;15;2
957913;Клиент957913;15;2
957914;Клиент957914;15;2
957915;Клиент957915;15;2
961004;Клиент961004;15;2
979528;Клиент979528;15;2
986492;Клиент986492;15;2
1003103;Клиент1003103;15;2
1004937;Клиент1004937;15;2
1006741;Клиент1006741;15;2
1037576;Клиент1037576;15;2
1063536;Клиент1063536;15;2
1063573;Клиент1063573;15;2
1080136;Клиент1080136;15;2
1080137;Клиент1080137;15;2
1080138;Клиент1080138;15;2
1086929;Клиент1086929;15;2
1106893;Клиент1106893;15;2
1127520;Клиент1127520;15;2
1146913;Клиент1146913;15;2
4270;Клиент4270;14;2
8749;Клиент8749;14;2
636832;Клиент636832;14;2
636842;Клиент636842;14;2
636865;Клиент636865;14;2
636872;Клиент636872;14;2
636901;Клиент636901;14;2
636909;Клиент636909;14;2
636918;Клиент636918;14;2
636998;Клиент636998;14;2
636999;Клиент636999;14;2
637000;Клиент637000;14;2
637001;Клиент637001;14;2
637002;Клиент637002;14;2
637003;Клиент637003;14;2
637004;Клиент637004;14;2
637005;Клиент637005;14;2
637007;Клиент637007;14;2
637008;Клиент637008;14;2
637009;Клиент637009;14;2
637010;Клиент637010;14;2
637011;Клиент637011;14;2
637012;Клиент637012;14;2
637013;Клиент637013;14;2
637021;Клиент637021;14;2
637023;Клиент637023;14;2
637094;Клиент637094;14;2
637095;Клиент637095;14;2
637096;Клиент637096;14;2
637127;Клиент637127;14;2
639488;Клиент639488;14;2
639489;Клиент639489;14;2
639490;Клиент639490;14;2
639491;Клиент639491;14;2
639495;Клиент639495;14;2
639497;Клиент639497;14;2
639498;Клиент639498;14;2
639499;Клиент639499;14;2
639500;Клиент639500;14;2
639501;Клиент639501;14;2
639502;Клиент639502;14;2
639503;Клиент639503;14;2
639504;Клиент639504;14;2
639505;Клиент639505;14;2
639506;Клиент639506;14;2
639508;Клиент639508;14;2
639509;Клиент639509;14;2
639510;Клиент639510;14;2
639511;Клиент639511;14;2
639512;Клиент639512;14;2
639513;Клиент639513;14;2
639514;Клиент639514;14;2
639515;Клиент639515;14;2
639516;Клиент639516;14;2
639517;Клиент639517;14;2
639519;Клиент639519;14;2
639520;Клиент639520;14;2
639521;Клиент639521;14;2
639522;Клиент639522;14;2
639523;Клиент639523;14;2
639524;Клиент639524;14;2
639525;Клиент639525;14;2
639526;Клиент639526;14;2
639528;Клиент639528;14;2
639530;Клиент639530;14;2
639531;Клиент639531;14;2
642022;Клиент642022;14;2
642023;Клиент642023;14;2
642328;Клиент642328;14;2
642626;Клиент642626;14;2
642671;Клиент642671;14;2
642673;Клиент642673;14;2
643377;Клиент643377;14;2
714869;Клиент714869;14;2
715128;Клиент715128;14;2
801131;Клиент801131;14;2
818035;Клиент818035;14;2
818184;Клиент818184;14;2
856752;Клиент856752;14;2
857210;Клиент857210;14;2
857369;Клиент857369;14;2
857552;Клиент857552;14;2
857553;Клиент857553;14;2
857554;Клиент857554;14;2
857557;Клиент857557;14;2
857592;Клиент857592;14;2
857595;Клиент857595;14;2
857596;Клиент857596;14;2
857597;Клиент857597;14;2
863212;Клиент863212;14;2
863537;Клиент863537;14;2
890877;Клиент890877;14;2
915849;Клиент915849;14;2
921665;Клиент921665;14;2
936635;Клиент936635;14;2
936636;Клиент936636;14;2
954187;Клиент954187;14;2
959664;Клиент959664;14;2
967940;Клиент967940;14;2
972377;Клиент972377;14;2
978885;Клиент978885;14;2
1020744;Клиент1020744;14;2
1049615;Клиент1049615;14;2
1060370;Клиент1060370;14;2
1080651;Клиент1080651;14;2
1198373;Клиент1198373;14;2
1231115;Клиент1231115;14;2
1237621;Клиент1237621;14;2
4990;Клиент4990;19;2
513625;Клиент513625;19;2
513626;Клиент513626;19;2
636868;Клиент636868;19;2
636960;Клиент636960;19;2
636975;Клиент636975;19;2
636977;Клиент636977;19;2
636985;Клиент636985;19;2
636986;Клиент636986;19;2
637034;Клиент637034;19;2
637058;Клиент637058;19;2
637106;Клиент637106;19;2
637113;Клиент637113;19;2
637117;Клиент637117;19;2
637119;Клиент637119;19;2
641594;Клиент641594;19;2
856835;Клиент856835;19;2
999630;Клиент999630;19;2
1004774;Клиент1004774;19;2
1013935;Клиент1013935;19;2
1013936;Клиент1013936;19;2
1013938;Клиент1013938;19;2
1017630;Клиент1017630;19;2
1017849;Клиент1017849;19;2
1017850;Клиент1017850;19;2
1017856;Клиент1017856;19;2
1017860;Клиент1017860;19;2
1017871;Клиент1017871;19;2
1017877;Клиент1017877;19;2
1017884;Клиент1017884;19;2
1017891;Клиент1017891;19;2
1017893;Клиент1017893;19;2
1017895;Клиент1017895;19;2
1017906;Клиент1017906;19;2
1017908;Клиент1017908;19;2
1017910;Клиент1017910;19;2
1017912;Клиент1017912;19;2
1017919;Клиент1017919;19;2
1017927;Клиент1017927;19;2
1017929;Клиент1017929;19;2
1017940;Клиент1017940;19;2
1017944;Клиент1017944;19;2
1017946;Клиент1017946;19;2
1017953;Клиент1017953;19;2
1017963;Клиент1017963;19;2
1017967;Клиент1017967;19;2
1017969;Клиент1017969;19;2
1017975;Клиент1017975;19;2
1017980;Клиент1017980;19;2
1017986;Клиент1017986;19;2
1017988;Клиент1017988;19;2
1017990;Клиент1017990;19;2
1017992;Клиент1017992;19;2
1017999;Клиент1017999;19;2
1018003;Клиент1018003;19;2
1018009;Клиент1018009;19;2
1018011;Клиент1018011;19;2
1018013;Клиент1018013;19;2
1018022;Клиент1018022;19;2
1018023;Клиент1018023;19;2
1018029;Клиент1018029;19;2
1018033;Клиент1018033;19;2
1031805;Клиент1031805;19;2
1051195;Клиент1051195;19;2
1063530;Клиент1063530;19;2
1063550;Клиент1063550;19;2
1063565;Клиент1063565;19;2
1063879;Клиент1063879;19;2
1094458;Клиент1094458;19;2
1100566;Клиент1100566;19;2
1120422;Клиент1120422;19;2
1120475;Клиент1120475;19;2
422349;Клиент422349;21;2
512021;Клиент512021;21;2
512190;Клиент512190;39;2
512594;Клиент512594;37;2
512630;Клиент512630;40;2
512632;Клиент512632;40;2
512633;Клиент512633;40;2
512634;Клиент512634;40;2
512636;Клиент512636;40;2
512815;Клиент512815;26;2
513008;Клиент513008;12;2
513624;Клиент513624;35;2
603103;Клиент603103;24;2
635971;Клиент635971;51;2
636765;Клиент636765;3;2
636790;Клиент636790;21;2
636791;Клиент636791;38;2
636792;Клиент636792;38;2
636793;Клиент636793;21;2
636794;Клиент636794;4;2
636795;Клиент636795;21;2
636796;Клиент636796;46;2
636798;Клиент636798;38;2
636799;Клиент636799;21;2
636801;Клиент636801;9;2
636802;Клиент636802;9;2
636803;Клиент636803;9;2
636804;Клиент636804;21;2
636805;Клиент636805;46;2
636807;Клиент636807;46;2
636809;Клиент636809;21;2
636812;Клиент636812;9;2
636813;Клиент636813;21;2
636814;Клиент636814;46;2
636815;Клиент636815;4;2
636817;Клиент636817;52;2
636818;Клиент636818;9;2
636819;Клиент636819;9;2
636820;Клиент636820;9;2
636821;Клиент636821;52;2
636823;Клиент636823;9;2
636824;Клиент636824;52;2
636825;Клиент636825;24;2
636826;Клиент636826;24;2
636827;Клиент636827;21;2
636828;Клиент636828;24;2
636829;Клиент636829;9;2
636830;Клиент636830;50;2
636831;Клиент636831;9;2
636836;Клиент636836;53;2
636838;Клиент636838;9;2
636839;Клиент636839;51;2
636848;Клиент636848;46;2
636849;Клиент636849;29;2
636850;Клиент636850;2;2
636852;Клиент636852;35;2
636853;Клиент636853;32;2
636854;Клиент636854;33;2
636857;Клиент636857;23;2
636858;Клиент636858;54;2
636859;Клиент636859;29;2
636860;Клиент636860;24;2
636861;Клиент636861;50;2
636862;Клиент636862;33;2
636866;Клиент636866;44;2
636870;Клиент636870;52;2
636874;Клиент636874;3;2
636879;Клиент636879;35;2
636881;Клиент636881;37;2
636882;Клиент636882;35;2
636884;Клиент636884;24;2
636885;Клиент636885;32;2
636887;Клиент636887;52;2
636890;Клиент636890;35;2
636894;Клиент636894;38;2
636895;Клиент636895;17;2
636896;Клиент636896;17;2
636897;Клиент636897;17;2
636903;Клиент636903;30;2
636904;Клиент636904;9;2
636905;Клиент636905;7;2
636907;Клиент636907;17;2
636908;Клиент636908;55;2
636910;Клиент636910;5;2
636912;Клиент636912;51;2
636913;Клиент636913;9;2
636916;Клиент636916;36;2
636919;Клиент636919;17;2
636920;Клиент636920;46;2
636921;Клиент636921;2;2
636924;Клиент636924;49;2
636925;Клиент636925;29;2
636926;Клиент636926;3;2
636927;Клиент636927;35;2
636928;Клиент636928;37;2
636929;Клиент636929;23;2
636930;Клиент636930;23;2
636931;Клиент636931;21;2
636932;Клиент636932;34;2
636934;Клиент636934;54;2
636935;Клиент636935;25;2
636957;Клиент636957;24;2
636958;Клиент636958;36;2
636961;Клиент636961;6;2
636963;Клиент636963;28;2
636964;Клиент636964;28;2
636966;Клиент636966;31;2
636967;Клиент636967;39;2
636968;Клиент636968;20;2
636969;Клиент636969;29;2
636970;Клиент636970;29;2
636971;Клиент636971;2;2
636978;Клиент636978;50;2
636979;Клиент636979;56;2
636982;Клиент636982;9;2
636983;Клиент636983;9;2
636984;Клиент636984;24;2
636988;Клиент636988;43;2
636989;Клиент636989;52;2
636990;Клиент636990;26;2
636991;Клиент636991;41;2
636993;Клиент636993;35;2
636994;Клиент636994;35;2
636995;Клиент636995;38;2
636996;Клиент636996;38;2
636997;Клиент636997;37;2
637006;Клиент637006;32;2
637015;Клиент637015;16;2
637016;Клиент637016;35;2
637017;Клиент637017;24;2
637019;Клиент637019;40;2
637020;Клиент637020;23;2
637022;Клиент637022;5;2
637024;Клиент637024;32;2
637025;Клиент637025;17;2
637026;Клиент637026;5;2
637027;Клиент637027;5;2
637028;Клиент637028;51;2
637029;Клиент637029;10;2
637030;Клиент637030;20;2
637031;Клиент637031;46;2
637032;Клиент637032;46;2
637036;Клиент637036;21;2
637039;Клиент637039;6;2
637040;Клиент637040;31;2
637041;Клиент637041;2;2
637042;Клиент637042;29;2
637043;Клиент637043;29;2
637045;Клиент637045;2;2
637046;Клиент637046;33;2
637047;Клиент637047;33;2
637048;Клиент637048;33;2
637050;Клиент637050;23;2
637051;Клиент637051;54;2
637053;Клиент637053;24;2
637054;Клиент637054;24;2
637055;Клиент637055;50;2
637056;Клиент637056;8;2
637057;Клиент637057;53;2
637061;Клиент637061;13;2
637062;Клиент637062;3;2
637063;Клиент637063;36;2
637076;Клиент637076;24;2
637077;Клиент637077;9;2
637078;Клиент637078;9;2
637080;Клиент637080;43;2
637081;Клиент637081;52;2
637083;Клиент637083;26;2
637084;Клиент637084;25;2
637086;Клиент637086;35;2
637088;Клиент637088;38;2
637089;Клиент637089;17;2
637090;Клиент637090;17;2
637091;Клиент637091;37;2
637093;Клиент637093;49;2
637097;Клиент637097;25;2
637098;Клиент637098;40;2
637099;Клиент637099;17;2
637100;Клиент637100;4;2
637101;Клиент637101;5;2
637102;Клиент637102;10;2
637104;Клиент637104;36;2
637105;Клиент637105;46;2
637108;Клиент637108;51;2
637109;Клиент637109;2;2
637111;Клиент637111;2;2
637112;Клиент637112;51;2
637114;Клиент637114;23;2
637118;Клиент637118;3;2
637121;Клиент637121;2;2
637122;Клиент637122;51;2
637123;Клиент637123;2;2
637125;Клиент637125;9;2
637128;Клиент637128;35;2
637129;Клиент637129;2;2
637150;Клиент637150;40;2
637151;Клиент637151;4;2
637815;Клиент637815;37;2
638222;Клиент638222;39;2
638223;Клиент638223;29;2
638224;Клиент638224;2;2
638225;Клиент638225;9;2
638226;Клиент638226;24;2
638227;Клиент638227;54;2
638229;Клиент638229;32;2
638230;Клиент638230;25;2
638232;Клиент638232;18;2
638233;Клиент638233;12;2
638234;Клиент638234;33;2
638235;Клиент638235;26;2
638236;Клиент638236;49;2
638237;Клиент638237;51;2
638238;Клиент638238;7;2
638240;Клиент638240;17;2
638241;Клиент638241;4;2
638243;Клиент638243;36;2
638244;Клиент638244;35;2
638245;Клиент638245;37;2
638246;Клиент638246;46;2
638518;Клиент638518;17;2
638591;Клиент638591;17;2
638599;Клиент638599;17;2
638600;Клиент638600;9;2
638609;Клиент638609;36;2
638846;Клиент638846;42;2
638848;Клиент638848;12;2
639361;Клиент639361;46;2
639441;Клиент639441;6;2
639442;Клиент639442;6;2
639444;Клиент639444;6;2
639445;Клиент639445;29;2
639448;Клиент639448;29;2
639452;Клиент639452;33;2
639453;Клиент639453;33;2
639454;Клиент639454;34;2
639455;Клиент639455;34;2
639457;Клиент639457;35;2
639458;Клиент639458;35;2
639460;Клиент639460;18;2
639461;Клиент639461;37;2
639465;Клиент639465;37;2
639469;Клиент639469;43;2
639472;Клиент639472;25;2
639475;Клиент639475;57;2
639476;Клиент639476;57;2
639477;Клиент639477;16;2
639478;Клиент639478;17;2
639480;Клиент639480;17;2
639482;Клиент639482;55;2
639483;Клиент639483;55;2
639492;Клиент639492;32;2
639493;Клиент639493;32;2
639494;Клиент639494;32;2
639622;Клиент639622;58;2
639626;Клиент639626;47;2
639630;Клиент639630;47;2
639635;Клиент639635;59;2
639639;Клиент639639;9;2
639643;Клиент639643;55;2
640379;Клиент640379;29;2
640567;Клиент640567;1;2
640630;Клиент640630;37;2
640639;Клиент640639;4;2
640835;Клиент640835;50;2
641105;Клиент641105;52;2
641106;Клиент641106;17;2
641115;Клиент641115;21;2
641116;Клиент641116;9;2
641117;Клиент641117;9;2
641369;Клиент641369;35;2
641593;Клиент641593;6;2
641953;Клиент641953;50;2
641965;Клиент641965;52;2
641967;Клиент641967;9;2
641968;Клиент641968;9;2
642024;Клиент642024;52;2
642026;Клиент642026;51;2
642027;Клиент642027;51;2
642028;Клиент642028;25;2
642031;Клиент642031;32;2
642032;Клиент642032;43;2
642249;Клиент642249;9;2
642330;Клиент642330;33;2
642466;Клиент642466;36;2
642467;Клиент642467;36;2
642632;Клиент642632;32;2
642669;Клиент642669;24;2
642670;Клиент642670;46;2
643682;Клиент643682;28;2
643839;Клиент643839;9;2
643840;Клиент643840;9;2
643842;Клиент643842;9;2
643894;Клиент643894;23;2
643895;Клиент643895;23;2
643896;Клиент643896;23;2
643897;Клиент643897;23;2
643943;Клиент643943;21;2
644584;Клиент644584;32;2
644841;Клиент644841;50;2
689246;Клиент689246;37;2
714870;Клиент714870;32;2
714897;Клиент714897;53;2
715125;Клиент715125;9;2
715127;Клиент715127;34;2
774333;Клиент774333;17;2
774529;Клиент774529;28;2
774571;Клиент774571;43;2
801044;Клиент801044;34;2
801107;Клиент801107;34;2
801132;Клиент801132;60;2
801133;Клиент801133;34;2
801134;Клиент801134;18;2
801167;Клиент801167;25;2
801170;Клиент801170;33;2
801181;Клиент801181;32;2
817743;Клиент817743;21;2
818125;Клиент818125;55;2
818136;Клиент818136;69;2
827894;Клиент827894;60;2
827895;Клиент827895;68;2
827896;Клиент827896;69;2
827897;Клиент827897;60;2
827898;Клиент827898;34;2
827899;Клиент827899;69;2
827900;Клиент827900;18;2
827901;Клиент827901;69;2
827902;Клиент827902;33;2
827903;Клиент827903;20;2
827905;Клиент827905;58;2
827907;Клиент827907;57;2
827908;Клиент827908;57;2
827909;Клиент827909;55;2
827911;Клиент827911;69;2
827912;Клиент827912;60;2
827914;Клиент827914;47;2
827916;Клиент827916;18;2
827917;Клиент827917;34;2
827918;Клиент827918;60;2
827919;Клиент827919;18;2
827920;Клиент827920;36;2
827922;Клиент827922;60;2
827925;Клиент827925;60;2
827927;Клиент827927;60;2
827928;Клиент827928;60;2
827929;Клиент827929;60;2
827930;Клиент827930;55;2
827931;Клиент827931;59;2
827932;Клиент827932;57;2
827933;Клиент827933;34;2
827934;Клиент827934;55;2
827935;Клиент827935;47;2
827936;Клиент827936;33;2
827938;Клиент827938;36;2
827939;Клиент827939;55;2
827940;Клиент827940;36;2
827941;Клиент827941;34;2
827942;Клиент827942;55;2
827943;Клиент827943;34;2
828014;Клиент828014;33;2
828138;Клиент828138;18;2
828169;Клиент828169;9;2
828170;Клиент828170;9;2
828191;Клиент828191;53;2
840908;Клиент840908;37;2
841187;Клиент841187;35;2
841188;Клиент841188;35;2
841189;Клиент841189;29;2
841312;Клиент841312;45;2
841353;Клиент841353;34;2
841420;Клиент841420;16;2
841512;Клиент841512;13;2
841513;Клиент841513;47;2
841572;Клиент841572;38;2
841575;Клиент841575;36;2
841697;Клиент841697;69;2
841725;Клиент841725;35;2
841726;Клиент841726;35;2
841727;Клиент841727;51;2
841825;Клиент841825;46;2
856750;Клиент856750;41;2
856751;Клиент856751;24;2
856793;Клиент856793;68;2
856794;Клиент856794;47;2
856836;Клиент856836;50;2
856837;Клиент856837;44;2
856838;Клиент856838;34;2
856876;Клиент856876;60;2
857211;Клиент857211;32;2
857214;Клиент857214;33;2
857294;Клиент857294;68;2
857371;Клиент857371;59;2
857372;Клиент857372;20;2
857386;Клиент857386;36;2
857398;Клиент857398;33;2
857400;Клиент857400;18;2
857401;Клиент857401;18;2
857459;Клиент857459;43;2
857461;Клиент857461;28;2
857491;Клиент857491;1;2
857504;Клиент857504;36;2
857518;Клиент857518;55;2
857551;Клиент857551;32;2
857593;Клиент857593;32;2
857594;Клиент857594;32;2
857642;Клиент857642;17;2
857646;Клиент857646;3;2
857668;Клиент857668;52;2
857734;Клиент857734;9;2
863211;Клиент863211;37;2
863213;Клиент863213;32;2
884353;Клиент884353;12;2
895997;Клиент895997;33;2
900675;Клиент900675;60;2
900677;Клиент900677;32;2
902269;Клиент902269;26;2
904027;Клиент904027;24;2
905449;Клиент905449;71;2
915840;Клиент915840;32;2
915841;Клиент915841;43;2
916021;Клиент916021;33;2
916537;Клиент916537;34;2
916538;Клиент916538;34;2
916539;Клиент916539;34;2
923314;Клиент923314;9;2
923336;Клиент923336;9;2
923997;Клиент923997;21;2
924269;Клиент924269;43;2
924287;Клиент924287;55;2
924296;Клиент924296;32;2
924301;Клиент924301;33;2
924487;Клиент924487;9;2
927933;Клиент927933;34;2
927936;Клиент927936;34;2
930531;Клиент930531;8;2
931513;Клиент931513;17;2
932003;Клиент932003;50;2
932332;Клиент932332;32;2
936640;Клиент936640;33;2
940501;Клиент940501;6;2
940502;Клиент940502;33;2
940504;Клиент940504;33;2
940506;Клиент940506;33;2
944126;Клиент944126;24;2
944129;Клиент944129;17;2
944633;Клиент944633;11;2
944918;Клиент944918;43;2
944919;Клиент944919;8;2
944920;Клиент944920;55;2
947193;Клиент947193;17;2
947554;Клиент947554;24;2
947557;Клиент947557;34;2
947558;Клиент947558;24;2
949215;Клиент949215;35;2
950247;Клиент950247;51;2
950262;Клиент950262;52;2
950307;Клиент950307;9;2
950309;Клиент950309;59;2
950376;Клиент950376;47;2
950377;Клиент950377;47;2
950378;Клиент950378;33;2
950380;Клиент950380;33;2
950381;Клиент950381;33;2
950418;Клиент950418;26;2
951069;Клиент951069;58;2
954149;Клиент954149;36;2
954451;Клиент954451;38;2
954790;Клиент954790;46;2
957912;Клиент957912;50;2
957916;Клиент957916;34;2
960221;Клиент960221;21;2
960222;Клиент960222;33;2
962866;Клиент962866;51;2
962870;Клиент962870;34;2
970797;Клиент970797;48;2
970806;Клиент970806;37;2
972376;Клиент972376;43;2
972869;Клиент972869;4;2
975847;Клиент975847;23;2
978886;Клиент978886;33;2
979170;Клиент979170;34;2
979171;Клиент979171;34;2
979525;Клиент979525;34;2
979530;Клиент979530;32;2
986535;Клиент986535;34;2
986536;Клиент986536;34;2
986538;Клиент986538;34;2
986540;Клиент986540;34;2
987082;Клиент987082;34;2
987092;Клиент987092;33;2
987097;Клиент987097;33;2
989067;Клиент989067;41;2
1003124;Клиент1003124;50;2
1003141;Клиент1003141;50;2
1003550;Клиент1003550;47;2
1003835;Клиент1003835;50;2
1003836;Клиент1003836;50;2
1004087;Клиент1004087;50;2
1004931;Клиент1004931;40;2
1004933;Клиент1004933;50;2
1004935;Клиент1004935;4;2
1005705;Клиент1005705;33;2
1016627;Клиент1016627;34;2
1016648;Клиент1016648;34;2
1016853;Клиент1016853;34;2
1017064;Клиент1017064;34;2
1017575;Клиент1017575;6;2
1017576;Клиент1017576;29;2
1017577;Клиент1017577;55;2
1017578;Клиент1017578;6;2
1017580;Клиент1017580;4;2
1017581;Клиент1017581;28;2
1017582;Клиент1017582;4;2
1017583;Клиент1017583;29;2
1017584;Клиент1017584;29;2
1017585;Клиент1017585;55;2
1017588;Клиент1017588;2;2
1017589;Клиент1017589;6;2
1017590;Клиент1017590;29;2
1017591;Клиент1017591;55;2
1017594;Клиент1017594;13;2
1017595;Клиент1017595;28;2
1017596;Клиент1017596;4;2
1017597;Клиент1017597;29;2
1017598;Клиент1017598;29;2
1017599;Клиент1017599;55;2
1017601;Клиент1017601;46;2
1017602;Клиент1017602;7;2
1017603;Клиент1017603;29;2
1017604;Клиент1017604;29;2
1017605;Клиент1017605;55;2
1017607;Клиент1017607;25;2
1017608;Клиент1017608;13;2
1017609;Клиент1017609;7;2
1017610;Клиент1017610;28;2
1017611;Клиент1017611;29;2
1017614;Клиент1017614;18;2
1017615;Клиент1017615;46;2
1017616;Клиент1017616;31;2
1017617;Клиент1017617;2;2
1017618;Клиент1017618;50;2
1017619;Клиент1017619;29;2
1017620;Клиент1017620;32;2
1017621;Клиент1017621;18;2
1017622;Клиент1017622;18;2
1017623;Клиент1017623;46;2
1017624;Клиент1017624;2;2
1017625;Клиент1017625;4;2
1017627;Клиент1017627;29;2
1017628;Клиент1017628;57;2
1017629;Клиент1017629;18;2
1017632;Клиент1017632;2;2
1017633;Клиент1017633;4;2
1017635;Клиент1017635;29;2
1017636;Клиент1017636;57;2
1017637;Клиент1017637;29;2
1017638;Клиент1017638;25;2
1017641;Клиент1017641;2;2
1017642;Клиент1017642;6;2
1017643;Клиент1017643;29;2
1017644;Клиент1017644;57;2
1017645;Клиент1017645;18;2
1017646;Клиент1017646;25;2
1017648;Клиент1017648;3;2
1017649;Клиент1017649;2;2
1017847;Клиент1017847;17;2
1017848;Клиент1017848;24;2
1017851;Клиент1017851;5;2
1017852;Клиент1017852;36;2
1017854;Клиент1017854;17;2
1017857;Клиент1017857;9;2
1017859;Клиент1017859;33;2
1017861;Клиент1017861;9;2
1017863;Клиент1017863;35;2
1017864;Клиент1017864;17;2
1017865;Клиент1017865;35;2
1017867;Клиент1017867;37;2
1017868;Клиент1017868;5;2
1017869;Клиент1017869;35;2
1017874;Клиент1017874;43;2
1017876;Клиент1017876;54;2
1017880;Клиент1017880;43;2
1017882;Клиент1017882;17;2
1017886;Клиент1017886;5;2
1017887;Клиент1017887;36;2
1017889;Клиент1017889;35;2
1017892;Клиент1017892;35;2
1017894;Клиент1017894;33;2
1017898;Клиент1017898;35;2
1017899;Клиент1017899;17;2
1017900;Клиент1017900;35;2
1017901;Клиент1017901;29;2
1017902;Клиент1017902;37;2
1017903;Клиент1017903;51;2
1017904;Клиент1017904;35;2
1017911;Клиент1017911;54;2
1017913;Клиент1017913;36;2
1017915;Клиент1017915;43;2
1017917;Клиент1017917;35;2
1017920;Клиент1017920;5;2
1017921;Клиент1017921;36;2
1017926;Клиент1017926;24;2
1017930;Клиент1017930;36;2
1017933;Клиент1017933;17;2
1017934;Клиент1017934;1;2
1017935;Клиент1017935;52;2
1017936;Клиент1017936;51;2
1017937;Клиент1017937;51;2
1017938;Клиент1017938;37;2
1017942;Клиент1017942;24;2
1017943;Клиент1017943;39;2
1017945;Клиент1017945;54;2
1017947;Клиент1017947;36;2
1017948;Клиент1017948;37;2
1017949;Клиент1017949;43;2
1017951;Клиент1017951;35;2
1017954;Клиент1017954;53;2
1017955;Клиент1017955;35;2
1017956;Клиент1017956;25;2
1017958;Клиент1017958;17;2
1017959;Клиент1017959;10;2
1017960;Клиент1017960;37;2
1017964;Клиент1017964;53;2
1017965;Клиент1017965;33;2
1017966;Клиент1017966;20;2
1017968;Клиент1017968;54;2
1017970;Клиент1017970;24;2
1017971;Клиент1017971;37;2
1017972;Клиент1017972;43;2
1017973;Клиент1017973;35;2
1017974;Клиент1017974;35;2
1017977;Клиент1017977;53;2
1017979;Клиент1017979;25;2
1017981;Клиент1017981;17;2
1017982;Клиент1017982;10;2
1017983;Клиент1017983;35;2
1017984;Клиент1017984;35;2
1017987;Клиент1017987;35;2
1017991;Клиент1017991;56;2
1017993;Клиент1017993;17;2
1017994;Клиент1017994;37;2
1017995;Клиент1017995;9;2
1017997;Клиент1017997;35;2
1017998;Клиент1017998;25;2
1018002;Клиент1018002;25;2
1018004;Клиент1018004;17;2
1018005;Клиент1018005;10;2
1018006;Клиент1018006;35;2
1018007;Клиент1018007;17;2
1018010;Клиент1018010;24;2
1018012;Клиент1018012;20;2
1018014;Клиент1018014;24;2
1018015;Клиент1018015;8;2
1018016;Клиент1018016;10;2
1018017;Клиент1018017;37;2
1018018;Клиент1018018;52;2
1018024;Клиент1018024;5;2
1018025;Клиент1018025;36;2
1018030;Клиент1018030;24;2
1018032;Клиент1018032;5;2
1018035;Клиент1018035;8;2
1018036;Клиент1018036;35;2
1018037;Клиент1018037;37;2
1018038;Клиент1018038;26;2
1019664;Клиент1019664;28;2
1020454;Клиент1020454;44;2
1020457;Клиент1020457;60;2
1020467;Клиент1020467;60;2
1020469;Клиент1020469;69;2
1020471;Клиент1020471;69;2
1020477;Клиент1020477;60;2
1020478;Клиент1020478;60;2
1020479;Клиент1020479;32;2
1020495;Клиент1020495;34;2
1020741;Клиент1020741;13;2
1020957;Клиент1020957;34;2
1020958;Клиент1020958;60;2
1021235;Клиент1021235;60;2
1021245;Клиент1021245;69;2
1021247;Клиент1021247;69;2
1021248;Клиент1021248;60;2
1021249;Клиент1021249;46;2
1032364;Клиент1032364;60;2
1032366;Клиент1032366;60;2
1032374;Клиент1032374;68;2
1034865;Клиент1034865;9;2
1035746;Клиент1035746;34;2
1035752;Клиент1035752;34;2
1045241;Клиент1045241;35;2
1051200;Клиент1051200;5;2
1051558;Клиент1051558;20;2
1060742;Клиент1060742;33;2
1063514;Клиент1063514;78;2
1063518;Клиент1063518;44;2
1063545;Клиент1063545;21;2
1064892;Клиент1064892;46;2
1067451;Клиент1067451;4;2
1067456;Клиент1067456;4;2
1067462;Клиент1067462;40;2
1069307;Клиент1069307;58;2
1069962;Клиент1069962;24;2
1074710;Клиент1074710;45;2
1079781;Клиент1079781;34;2
1080971;Клиент1080971;37;2
1087549;Клиент1087549;35;2
1088009;Клиент1088009;17;2
1088245;Клиент1088245;75;2
1090374;Клиент1090374;4;2
1090634;Клиент1090634;32;2
1096519;Клиент1096519;17;2
1096602;Клиент1096602;81;2
1098425;Клиент1098425;39;2
1100568;Клиент1100568;24;2
1100927;Клиент1100927;24;2
1106874;Клиент1106874;53;2
1106878;Клиент1106878;32;2
1106879;Клиент1106879;54;2
1106881;Клиент1106881;54;2
1106890;Клиент1106890;11;2
1115701;Клиент1115701;34;2
1115975;Клиент1115975;33;2
1116027;Клиент1116027;34;2
1120533;Клиент1120533;60;2
1120701;Клиент1120701;9;2
1122982;Клиент1122982;53;2
1128530;Клиент1128530;36;2
1129821;Клиент1129821;49;2
1130050;Клиент1130050;3;2
1134176;Клиент1134176;21;2
1146917;Клиент1146917;32;2
1147182;Клиент1147182;39;2
1149876;Клиент1149876;46;2
1152306;Клиент1152306;33;2
1173944;Клиент1173944;69;2
1176724;Клиент1176724;35;2
1189623;Клиент1189623;34;2
1196344;Клиент1196344;24;2
1208798;Клиент1208798;45;2
1238752;Клиент1238752;21;2
1244472;Клиент1244472;51;2
1253493;Клиент1253493;37;2
2514;Клиент2514;1;1
2516;Клиент2516;2;1
171623;Клиент171623;2;1
239389;Клиент239389;2;1
3034;Клиент3034;3;1
169365;Клиент169365;3;1
242211;Клиент242211;3;1
512155;Клиент512155;3;1
3214;Клиент3214;4;1
5169;Клиент5169;4;1
3357;Клиент3357;5;1
3465;Клиент3465;6;1
3588;Клиент3588;7;1
4900;Клиент4900;7;1
3595;Клиент3595;8;1
3596;Клиент3596;9;1
3599;Клиент3599;10;1
3993;Клиент3993;11;1
4098;Клиент4098;12;1
4247;Клиент4247;13;1
133797;Клиент133797;14;1
499957;Клиент499957;15;1
4416;Клиент4416;16;1
4613;Клиент4613;16;1
243034;Клиент243034;16;1
4719;Клиент4719;17;1
240827;Клиент240827;17;1
4765;Клиент4765;18;1
490301;Клиент490301;19;1
5109;Клиент5109;20;1
501993;Клиент501993;21;1
108142;Клиент108142;22;1
500738;Клиент500738;22;1
510226;Клиент510226;22;1
132846;Клиент132846;23;1
136085;Клиент136085;24;1
498131;Клиент498131;25;1
164897;Клиент164897;26;1
165769;Клиент165769;28;1
166302;Клиент166302;29;1
242212;Клиент242212;29;1
168787;Клиент168787;30;1
168963;Клиент168963;31;1
170246;Клиент170246;33;1
170247;Клиент170247;34;1
244328;Клиент244328;34;1
170272;Клиент170272;35;1
496868;Клиент496868;35;1
171725;Клиент171725;36;1
239963;Клиент239963;37;1
240229;Клиент240229;38;1
241433;Клиент241433;39;1
243363;Клиент243363;40;1
244412;Клиент244412;41;1
244456;Клиент244456;42;1
244617;Клиент244617;43;1
397043;Клиент397043;44;1
400012;Клиент400012;45;1
437543;Клиент437543;46;1
446415;Клиент446415;47;1
508384;Клиент508384;48;1
512141;Клиент512141;49;1
512311;Клиент512311;4;1
512442;Клиент512442;50;1
521314;Клиент521314;30;1
528072;Клиент528072;16;1
588631;Клиент588631;44;1
611342;Клиент611342;36;1
619369;Клиент619369;39;1
636117;Клиент636117;46;1
636260;Клиент636260;22;1
636263;Клиент636263;22;1
636297;Клиент636297;25;1
637558;Клиент637558;15;1
640302;Клиент640302;33;1
640361;Клиент640361;24;1
644484;Клиент644484;55;1
644528;Клиент644528;60;1
644881;Клиент644881;22;1
644883;Клиент644883;22;1
673591;Клиент673591;14;1
688171;Клиент688171;19;1
688450;Клиент688450;22;1
741798;Клиент741798;61;1
749093;Клиент749093;34;1
749556;Клиент749556;62;1
769074;Клиент769074;36;1
774451;Клиент774451;29;1
774508;Клиент774508;7;1
800228;Клиент800228;41;1
800231;Клиент800231;41;1
800240;Клиент800240;1;1
800244;Клиент800244;24;1
800254;Клиент800254;24;1
800269;Клиент800269;47;1
800271;Клиент800271;47;1
800293;Клиент800293;28;1
800354;Клиент800354;29;1
800359;Клиент800359;29;1
800367;Клиент800367;20;1
800375;Клиент800375;2;1
800382;Клиент800382;2;1
800391;Клиент800391;23;1
800393;Клиент800393;23;1
800406;Клиент800406;59;1
800410;Клиент800410;42;1
800421;Клиент800421;50;1
800427;Клиент800427;63;1
800434;Клиент800434;8;1
800447;Клиент800447;13;1
800448;Клиент800448;32;1
800453;Клиент800453;3;1
800454;Клиент800454;3;1
800456;Клиент800456;3;1
800476;Клиент800476;22;1
800489;Клиент800489;9;1
800490;Клиент800490;9;1
800493;Клиент800493;10;1
800498;Клиент800498;39;1
800500;Клиент800500;34;1
800512;Клиент800512;18;1
800515;Клиент800515;43;1
800517;Клиент800517;12;1
800518;Клиент800518;12;1
800526;Клиент800526;26;1
800537;Клиент800537;35;1
800549;Клиент800549;38;1
800559;Клиент800559;38;1
800563;Клиент800563;17;1
800564;Клиент800564;17;1
800571;Клиент800571;37;1
800574;Клиент800574;37;1
800593;Клиент800593;49;1
800595;Клиент800595;7;1
800602;Клиент800602;7;1
800606;Клиент800606;40;1
800639;Клиент800639;4;1
800650;Клиент800650;4;1
800654;Клиент800654;4;1
800672;Клиент800672;5;1
800679;Клиент800679;16;1
800701;Клиент800701;15;1
800702;Клиент800702;15;1
800703;Клиент800703;15;1
800722;Клиент800722;15;1
800725;Клиент800725;15;1
800733;Клиент800733;14;1
800747;Клиент800747;14;1
800760;Клиент800760;64;1
800764;Клиент800764;63;1
800861;Клиент800861;23;1
800905;Клиент800905;32;1
800965;Клиент800965;14;1
801048;Клиент801048;22;1
801239;Клиент801239;40;1
812208;Клиент812208;36;1
817735;Клиент817735;52;1
817769;Клиент817769;65;1
817770;Клиент817770;66;1
817772;Клиент817772;67;1
818014;Клиент818014;68;1
827829;Клиент827829;6;1
827961;Клиент827961;54;1
828060;Клиент828060;14;1
828204;Клиент828204;35;1
828208;Клиент828208;2;1
841116;Клиент841116;46;1
841135;Клиент841135;22;1
841299;Клиент841299;19;1
841357;Клиент841357;40;1
841358;Клиент841358;40;1
841359;Клиент841359;40;1
841565;Клиент841565;54;1
841593;Клиент841593;22;1
841754;Клиент841754;22;1
852695;Клиент852695;47;1
857384;Клиент857384;22;1
857481;Клиент857481;22;1
857516;Клиент857516;1;1
857695;Клиент857695;15;1
857717;Клиент857717;40;1
857749;Клиент857749;30;1
859050;Клиент859050;2;1
863123;Клиент863123;31;1
863369;Клиент863369;11;1
863403;Клиент863403;69;1
863571;Клиент863571;39;1
883952;Клиент883952;5;1
884348;Клиент884348;22;1
890141;Клиент890141;57;1
890593;Клиент890593;33;1
890745;Клиент890745;51;1
893415;Клиент893415;63;1
893419;Клиент893419;59;1
894604;Клиент894604;20;1
896015;Клиент896015;51;1
896023;Клиент896023;17;1
900053;Клиент900053;66;1
900334;Клиент900334;15;1
900525;Клиент900525;51;1
900526;Клиент900526;70;1
900697;Клиент900697;14;1
900896;Клиент900896;15;1
902096;Клиент902096;36;1
902169;Клиент902169;63;1
902235;Клиент902235;34;1
902271;Клиент902271;41;1
903088;Клиент903088;63;1
903527;Клиент903527;57;1
903528;Клиент903528;33;1
904340;Клиент904340;10;1
904344;Клиент904344;26;1
904349;Клиент904349;15;1
904960;Клиент904960;63;1
904962;Клиент904962;37;1
905451;Клиент905451;72;1
905452;Клиент905452;34;1
907719;Клиент907719;45;1
907721;Клиент907721;45;1
908333;Клиент908333;22;1
908334;Клиент908334;22;1
908803;Клиент908803;47;1
908872;Клиент908872;46;1
908881;Клиент908881;52;1
909846;Клиент909846;15;1
910518;Клиент910518;50;1
910711;Клиент910711;20;1
911207;Клиент911207;47;1
913961;Клиент913961;15;1
916525;Клиент916525;64;1
922577;Клиент922577;36;1
922784;Клиент922784;50;1
922793;Клиент922793;26;1
923000;Клиент923000;39;1
923312;Клиент923312;30;1
924289;Клиент924289;19;1
924293;Клиент924293;19;1
926165;Клиент926165;40;1
927321;Клиент927321;15;1
927443;Клиент927443;30;1
927547;Клиент927547;40;1
927688;Клиент927688;15;1
927934;Клиент927934;49;1
927942;Клиент927942;22;1
929179;Клиент929179;2;1
930286;Клиент930286;67;1
932570;Клиент932570;33;1
932685;Клиент932685;72;1
940207;Клиент940207;46;1
940507;Клиент940507;34;1
943982;Клиент943982;57;1
944114;Клиент944114;34;1
946536;Клиент946536;4;1
947569;Клиент947569;19;1
947823;Клиент947823;40;1
948333;Клиент948333;19;1
948910;Клиент948910;2;1
949224;Клиент949224;52;1
949562;Клиент949562;45;1
950253;Клиент950253;22;1
950265;Клиент950265;34;1
950305;Клиент950305;25;1
951151;Клиент951151;73;1
951276;Клиент951276;2;1
951634;Клиент951634;9;1
954234;Клиент954234;31;1
954325;Клиент954325;22;1
954433;Клиент954433;39;1
957908;Клиент957908;35;1
958612;Клиент958612;33;1
959383;Клиент959383;28;1
959410;Клиент959410;47;1
960247;Клиент960247;4;1
960380;Клиент960380;13;1
960691;Клиент960691;21;1
960694;Клиент960694;21;1
960739;Клиент960739;63;1
967931;Клиент967931;34;1
968092;Клиент968092;55;1
970058;Клиент970058;15;1
970061;Клиент970061;22;1
970080;Клиент970080;15;1
970389;Клиент970389;13;1
972374;Клиент972374;74;1
972864;Клиент972864;14;1
975862;Клиент975862;40;1
976028;Клиент976028;58;1
976153;Клиент976153;34;1
976182;Клиент976182;69;1
976222;Клиент976222;14;1
976227;Клиент976227;19;1
976230;Клиент976230;19;1
976430;Клиент976430;20;1
976437;Клиент976437;26;1
976591;Клиент976591;26;1
978016;Клиент978016;35;1
978173;Клиент978173;25;1
979694;Клиент979694;23;1
979695;Клиент979695;16;1
979888;Клиент979888;40;1
999190;Клиент999190;14;1
999191;Клиент999191;3;1
999444;Клиент999444;43;1
999626;Клиент999626;70;1
999629;Клиент999629;21;1
999633;Клиент999633;4;1
999636;Клиент999636;40;1
1000800;Клиент1000800;72;1
1000972;Клиент1000972;35;1
1003740;Клиент1003740;75;1
1004953;Клиент1004953;35;1
1005101;Клиент1005101;22;1
1006738;Клиент1006738;22;1
1006767;Клиент1006767;34;1
1011627;Клиент1011627;18;1
1014080;Клиент1014080;34;1
1014091;Клиент1014091;8;1
1017122;Клиент1017122;63;1
1017663;Клиент1017663;57;1
1019732;Клиент1019732;40;1
1020137;Клиент1020137;54;1
1020731;Клиент1020731;14;1
1021234;Клиент1021234;47;1
1021243;Клиент1021243;68;1
1023595;Клиент1023595;26;1
1028598;Клиент1028598;35;1
1029462;Клиент1029462;2;1
1029788;Клиент1029788;76;1
1030355;Клиент1030355;2;1
1031271;Клиент1031271;15;1
1031481;Клиент1031481;34;1
1031487;Клиент1031487;30;1
1032605;Клиент1032605;2;1
1032606;Клиент1032606;22;1
1032607;Клиент1032607;15;1
1033212;Клиент1033212;57;1
1033213;Клиент1033213;11;1
1034863;Клиент1034863;35;1
1035200;Клиент1035200;35;1
1035201;Клиент1035201;29;1
1036107;Клиент1036107;33;1
1036753;Клиент1036753;22;1
1036758;Клиент1036758;26;1
1037043;Клиент1037043;63;1
1037045;Клиент1037045;14;1
1042799;Клиент1042799;29;1
1045701;Клиент1045701;14;1
1046345;Клиент1046345;51;1
1047456;Клиент1047456;9;1
1047472;Клиент1047472;76;1
1047959;Клиент1047959;2;1
1048863;Клиент1048863;20;1
1050014;Клиент1050014;42;1
1050143;Клиент1050143;16;1
1050147;Клиент1050147;14;1
1050327;Клиент1050327;62;1
1050330;Клиент1050330;66;1
1050332;Клиент1050332;77;1
1050338;Клиент1050338;67;1
1050339;Клиент1050339;16;1
1050340;Клиент1050340;16;1
1050345;Клиент1050345;16;1
1057050;Клиент1057050;9;1
1059729;Клиент1059729;53;1
1060369;Клиент1060369;3;1
1061219;Клиент1061219;42;1
1062172;Клиент1062172;68;1
1064878;Клиент1064878;26;1
1065066;Клиент1065066;79;1
1065407;Клиент1065407;63;1
1068065;Клиент1068065;59;1
1068071;Клиент1068071;47;1
1068076;Клиент1068076;16;1
1069257;Клиент1069257;15;1
1080135;Клиент1080135;35;1
1080231;Клиент1080231;52;1
1083175;Клиент1083175;78;1
1085698;Клиент1085698;79;1
1086995;Клиент1086995;63;1
1086998;Клиент1086998;79;1
1088005;Клиент1088005;19;1
1090373;Клиент1090373;30;1
1092663;Клиент1092663;34;1
1096078;Клиент1096078;80;1
1096231;Клиент1096231;4;1
1096266;Клиент1096266;36;1
1100326;Клиент1100326;43;1
1101149;Клиент1101149;36;1
1101890;Клиент1101890;22;1
1102981;Клиент1102981;44;1
1106536;Клиент1106536;19;1
1107040;Клиент1107040;51;1
1108129;Клиент1108129;19;1
1108490;Клиент1108490;5;1
1108778;Клиент1108778;47;1
1109611;Клиент1109611;47;1
1110353;Клиент1110353;6;1
1110671;Клиент1110671;79;1
1111346;Клиент1111346;68;1
1111792;Клиент1111792;19;1
1112697;Клиент1112697;69;1
1113981;Клиент1113981;34;1
1115936;Клиент1115936;15;1
1116769;Клиент1116769;74;1
1118168;Клиент1118168;57;1
1118172;Клиент1118172;33;1
1118196;Клиент1118196;41;1
1118529;Клиент1118529;57;1
1120548;Клиент1120548;22;1
1122484;Клиент1122484;11;1
1123212;Клиент1123212;22;1
1123807;Клиент1123807;16;1
1125852;Клиент1125852;73;1
1127044;Клиент1127044;74;1
1127208;Клиент1127208;37;1
1128518;Клиент1128518;25;1
1129693;Клиент1129693;81;1
1129796;Клиент1129796;38;1
1130550;Клиент1130550;35;1
1130908;Клиент1130908;52;1
1134478;Клиент1134478;69;1
1134746;Клиент1134746;36;1
1141076;Клиент1141076;75;1
1146038;Клиент1146038;35;1
1147401;Клиент1147401;30;1
1147714;Клиент1147714;29;1
1148697;Клиент1148697;39;1
1149080;Клиент1149080;68;1
1150615;Клиент1150615;14;1
1168466;Клиент1168466;19;1
1168470;Клиент1168470;79;1
1168480;Клиент1168480;24;1
1168734;Клиент1168734;54;1
1169484;Клиент1169484;19;1
1169800;Клиент1169800;35;1
1172192;Клиент1172192;19;1
1174010;Клиент1174010;44;1
1174830;Клиент1174830;18;1
1175382;Клиент1175382;61;1
1175758;Клиент1175758;14;1
1176973;Клиент1176973;82;1
1177582;Клиент1177582;5;1
1177588;Клиент1177588;79;1
1178036;Клиент1178036;47;1
1178370;Клиент1178370;5;1
1188714;Клиент1188714;19;1
1189611;Клиент1189611;72;1
1192586;Клиент1192586;43;1
1193274;Клиент1193274;7;1
1193911;Клиент1193911;47;1
1194489;Клиент1194489;55;1
1194709;Клиент1194709;19;1
1195197;Клиент1195197;36;1
1197550;Клиент1197550;63;1
1197632;Клиент1197632;40;1
1205204;Клиент1205204;29;1
1208791;Клиент1208791;47;1
1208796;Клиент1208796;79;1
1221283;Клиент1221283;15;1
1221389;Клиент1221389;79;1
1222530;Клиент1222530;8;1
1222801;Клиент1222801;63;1
1222803;Клиент1222803;27;1
1227295;Клиент1227295;33;1
1227632;Клиент1227632;25;1
1232613;Клиент1232613;59;1
1232879;Клиент1232879;40;1
1232920;Клиент1232920;29;1
1235832;Клиент1235832;54;1
1239019;Клиент1239019;22;1
1239026;Клиент1239026;67;1
1241202;Клиент1241202;5;1
1241436;Клиент1241436;19;1
1244440;Клиент1244440;47;1
1248756;Клиент1248756;19;1
1250053;Клиент1250053;45;1
1251272;Клиент1251272;25;1
1251350;Клиент1251350;16;1
1251352;Клиент1251352;81;1
1251356;Клиент1251356;16;1
1251357;Клиент1251357;81;1
1251368;Клиент1251368;81;1
1251370;Клиент1251370;81;1
1251371;Клиент1251371;16;1
1252273;Клиент1252273;37;1
1252315;Клиент1252315;37;1
1252516;Клиент1252516;63;1
1252517;Клиент1252517;63;1
1252524;Клиент1252524;77;1
1252537;Клиент1252537;29;1
1255654;Клиент1255654;15;1
1256280;Клиент1256280;63;1
1258828;Клиент1258828;33;1
1262442;Клиент1262442;70;1
1262931;Клиент1262931;74;1
1263913;Клиент1263913;66;1
1266314;Клиент1266314;5;1
1266559;Клиент1266559;83;1
1268147;Клиент1268147;59;1
1268149;Клиент1268149;11;1
1269283;Клиент1269283;79;1
1273416;Клиент1273416;39;1
1273765;Клиент1273765;63;1
1273783;Клиент1273783;15;1
1274085;Клиент1274085;52;1
1274087;Клиент1274087;40;1
1274474;Клиент1274474;35;1
1275558;Клиент1275558;67;1
1275569;Клиент1275569;40;1
1275578;Клиент1275578;40;1
1277027;Клиент1277027;68;1
1277032;Клиент1277032;63;1
1277045;Клиент1277045;74;1
1280669;Клиент1280669;6;1
1282499;Клиент1282499;15;1
1282935;Клиент1282935;35;1
1285003;Клиент1285003;16;1
1285053;Клиент1285053;16;1
1285366;Клиент1285366;77;1
1292878;Клиент1292878;15;1
1292885;Клиент1292885;51;1
1293326;Клиент1293326;63;1
1296432;Клиент1296432;72;1
1297441;Клиент1297441;52;1
1297442;Клиент1297442;29;1
1297446;Клиент1297446;6;1
1316299;Клиент1316299;34;1
1317887;Клиент1317887;22;1
1320348;Клиент1320348;81;1
1320349;Клиент1320349;16;1
1324452;Клиент1324452;19;1
1325321;Клиент1325321;19;1
1325565;Клиент1325565;63;1
1325745;Клиент1325745;19;1
1326640;Клиент1326640;50;1
1331846;Клиент1331846;9;1
419937;Клиент419937;22;6
638588;Клиент638588;22;6
644083;Клиент644083;33;6
644085;Клиент644085;51;6
644091;Клиент644091;34;6
800360;Клиент800360;29;6
800551;Клиент800551;38;6
818185;Клиент818185;15;6
818186;Клиент818186;24;6
818187;Клиент818187;29;6
818216;Клиент818216;22;6
818217;Клиент818217;35;6
818218;Клиент818218;15;6
818266;Клиент818266;22;6
828193;Клиент828193;22;6
841624;Клиент841624;42;6
843419;Клиент843419;38;6
893420;Клиент893420;14;6
903087;Клиент903087;4;6
908807;Клиент908807;45;6
910129;Клиент910129;40;6
925891;Клиент925891;14;6
930288;Клиент930288;45;6
939867;Клиент939867;29;6
944886;Клиент944886;22;6
954150;Клиент954150;22;6
959395;Клиент959395;32;6
979151;Клиент979151;40;6
981694;Клиент981694;9;6
1011824;Клиент1011824;34;6
1013937;Клиент1013937;22;6
1014079;Клиент1014079;22;6
1033211;Клиент1033211;45;6
1045233;Клиент1045233;69;6
1048862;Клиент1048862;45;6
1064305;Клиент1064305;15;6
1066309;Клиент1066309;14;6
1068652;Клиент1068652;58;6
1075177;Клиент1075177;42;6
1091133;Клиент1091133;59;6
1091143;Клиент1091143;72;6
1111579;Клиент1111579;45;6
1113156;Клиент1113156;59;6
1115167;Клиент1115167;72;6
1126851;Клиент1126851;1;6
1131504;Клиент1131504;58;6
1131989;Клиент1131989;69;6
1148861;Клиент1148861;34;6
1151146;Клиент1151146;59;6
1151169;Клиент1151169;59;6
1151170;Клиент1151170;72;6
1151172;Клиент1151172;72;6
1191792;Клиент1191792;72;6
1192097;Клиент1192097;59;6
1215360;Клиент1215360;45;6
1232911;Клиент1232911;36;6
1232924;Клиент1232924;36;6
1256167;Клиент1256167;58;6
1256286;Клиент1256286;58;6
1262276;Клиент1262276;22;6
1284322;Клиент1284322;34;6
1289864;Клиент1289864;57;6
1329913;Клиент1329913;1;6
1331502;Клиент1331502;59;6
27697;Клиент27697;21;3
136986;Клиент136986;21;4
425890;Клиент425890;21;7
504639;Клиент504639;21;3
504640;Клиент504640;21;3
504645;Клиент504645;21;3
507066;Клиент507066;21;9
244172;Клиент244172;22;4
137040;Клиент137040;25;4
498274;Клиент498274;25;8
169897;Клиент169897;26;4
165233;Клиент165233;27;5
169156;Клиент169156;32;4
240022;Клиент240022;33;4
519877;Клиент519877;46;4
575422;Клиент575422;22;8
635911;Клиент635911;22;8
638683;Клиент638683;25;4
644474;Клиент644474;19;8
677998;Клиент677998;11;4
800253;Клиент800253;24;7
801149;Клиент801149;22;4
856808;Клиент856808;21;3
930321;Клиент930321;23;8
936513;Клиент936513;21;3
