-- MySQL dump 10.13  Distrib 8.0.21, for Win64 (x86_64)
--
-- Host: localhost    Database: vk
-- ------------------------------------------------------
-- Server version	8.0.21

/*!40101 SET @OLD_CHARACTER_SET_CLIENT=@@CHARACTER_SET_CLIENT */;
/*!40101 SET @OLD_CHARACTER_SET_RESULTS=@@CHARACTER_SET_RESULTS */;
/*!40101 SET @OLD_COLLATION_CONNECTION=@@COLLATION_CONNECTION */;
/*!50503 SET NAMES utf8mb4 */;
/*!40103 SET @OLD_TIME_ZONE=@@TIME_ZONE */;
/*!40103 SET TIME_ZONE='+00:00' */;
/*!40014 SET @OLD_UNIQUE_CHECKS=@@UNIQUE_CHECKS, UNIQUE_CHECKS=0 */;
/*!40014 SET @OLD_FOREIGN_KEY_CHECKS=@@FOREIGN_KEY_CHECKS, FOREIGN_KEY_CHECKS=0 */;
/*!40101 SET @OLD_SQL_MODE=@@SQL_MODE, SQL_MODE='NO_AUTO_VALUE_ON_ZERO' */;
/*!40111 SET @OLD_SQL_NOTES=@@SQL_NOTES, SQL_NOTES=0 */;

--
-- Table structure for table `friend_requests`
--

DROP TABLE IF EXISTS `friend_requests`;
/*!40101 SET @saved_cs_client     = @@character_set_client */;
/*!50503 SET character_set_client = utf8mb4 */;
CREATE TABLE `friend_requests` (
  `from_user_id` int NOT NULL,
  `to_user_id` int NOT NULL,
  `status` tinyint unsigned NOT NULL COMMENT 'статус: 0 - запрос, 1 - подтвержден, 2 - отклонен',
  PRIMARY KEY (`from_user_id`,`to_user_id`),
  KEY `fk_friend_requests_users1_idx` (`from_user_id`)
) ENGINE=InnoDB DEFAULT CHARSET=utf8mb4 COLLATE=utf8mb4_0900_ai_ci;
/*!40101 SET character_set_client = @saved_cs_client */;

--
-- Dumping data for table `friend_requests`
--

LOCK TABLES `friend_requests` WRITE;
/*!40000 ALTER TABLE `friend_requests` DISABLE KEYS */;
INSERT INTO `friend_requests` VALUES (101,101,0),(102,102,2),(103,103,0),(104,104,2),(105,105,2),(107,107,0),(108,108,2),(109,109,2),(110,110,1),(111,111,1),(112,112,0),(116,116,1),(117,117,2),(118,118,1),(119,119,0),(120,120,0),(124,124,2),(125,125,0),(127,127,1),(133,133,1),(134,134,2),(135,135,2),(137,137,0),(140,140,1),(141,141,0),(142,142,1),(143,143,2),(144,144,1),(145,145,1),(146,146,1),(149,149,1),(151,151,2),(152,152,0),(153,153,2),(155,155,0),(156,156,0),(157,157,0),(158,158,2),(160,160,0),(161,161,1),(162,162,0),(165,165,1),(169,169,0),(170,170,0),(171,171,2),(173,173,1),(176,176,0),(177,177,1),(179,179,1),(180,180,1),(182,182,1),(183,183,1),(184,184,0),(185,185,0),(186,186,0),(188,188,2),(190,190,1),(191,191,0),(195,195,2),(197,197,1),(200,200,2);
/*!40000 ALTER TABLE `friend_requests` ENABLE KEYS */;
UNLOCK TABLES;

--
-- Table structure for table `likes`
--

DROP TABLE IF EXISTS `likes`;
/*!40101 SET @saved_cs_client     = @@character_set_client */;
/*!50503 SET character_set_client = utf8mb4 */;
CREATE TABLE `likes` (
  `id` int NOT NULL AUTO_INCREMENT,
  `from_user_id` int NOT NULL,
  `to_user_id` int NOT NULL,
  `message_id` int DEFAULT NULL,
  `media_id` int DEFAULT NULL,
  PRIMARY KEY (`id`),
  UNIQUE KEY `fk_from_to_idx` (`from_user_id`,`to_user_id`),
  UNIQUE KEY `fk_from_to_message_idx` (`from_user_id`,`to_user_id`,`message_id`) /*!80000 INVISIBLE */,
  UNIQUE KEY `fk_from_to_media_idx` (`from_user_id`,`to_user_id`,`media_id`)
) ENGINE=InnoDB AUTO_INCREMENT=142 DEFAULT CHARSET=utf8mb4 COLLATE=utf8mb4_0900_ai_ci;
/*!40101 SET character_set_client = @saved_cs_client */;

--
-- Dumping data for table `likes`
--

LOCK TABLES `likes` WRITE;
/*!40000 ALTER TABLE `likes` DISABLE KEYS */;
INSERT INTO `likes` VALUES (81,101,101,NULL,NULL),(82,102,102,NULL,NULL),(83,103,103,NULL,NULL),(84,104,104,NULL,NULL),(85,105,105,NULL,NULL),(86,107,107,NULL,NULL),(87,108,108,NULL,NULL),(88,109,109,NULL,NULL),(89,110,110,NULL,NULL),(90,111,111,NULL,NULL),(91,112,112,NULL,NULL),(92,116,116,NULL,NULL),(93,117,117,NULL,NULL),(94,118,118,NULL,NULL),(95,119,119,NULL,NULL),(96,120,120,NULL,NULL),(97,124,124,NULL,NULL),(98,125,125,NULL,NULL),(99,127,127,NULL,NULL),(100,133,133,NULL,NULL),(101,134,134,NULL,NULL),(102,135,135,NULL,NULL),(103,137,137,NULL,NULL),(104,140,140,NULL,NULL),(105,141,141,NULL,NULL),(106,142,142,NULL,NULL),(107,143,143,NULL,NULL),(108,144,144,NULL,NULL),(109,145,145,NULL,NULL),(110,146,146,NULL,NULL),(111,149,149,NULL,NULL),(112,151,151,NULL,NULL),(113,152,152,NULL,NULL),(114,153,153,NULL,NULL),(115,155,155,NULL,NULL),(116,156,156,NULL,NULL),(117,157,157,NULL,NULL),(118,158,158,NULL,NULL),(119,160,160,NULL,NULL),(120,161,161,NULL,NULL),(121,162,162,NULL,NULL),(122,165,165,NULL,NULL),(123,169,169,NULL,NULL),(124,170,170,NULL,NULL),(125,171,171,NULL,NULL),(126,173,173,NULL,NULL),(127,176,176,NULL,NULL),(128,177,177,NULL,NULL),(129,179,179,NULL,NULL),(130,180,180,NULL,NULL),(131,182,182,NULL,NULL),(132,183,183,NULL,NULL),(133,184,184,NULL,NULL),(134,185,185,NULL,NULL),(135,186,186,NULL,NULL),(136,188,188,NULL,NULL),(137,190,190,NULL,NULL),(138,191,191,NULL,NULL),(139,195,195,NULL,NULL),(140,197,197,NULL,NULL),(141,200,200,NULL,NULL);
/*!40000 ALTER TABLE `likes` ENABLE KEYS */;
UNLOCK TABLES;

--
-- Table structure for table `media`
--

DROP TABLE IF EXISTS `media`;
/*!40101 SET @saved_cs_client     = @@character_set_client */;
/*!50503 SET character_set_client = utf8mb4 */;
CREATE TABLE `media` (
  `id` int NOT NULL AUTO_INCREMENT,
  `media_type_id` int NOT NULL,
  `text` text,
  `file` blob COMMENT '/files/img/01.jpg',
  `size` int DEFAULT NULL,
  `metadata` json DEFAULT NULL,
  PRIMARY KEY (`id`)
) ENGINE=InnoDB AUTO_INCREMENT=101 DEFAULT CHARSET=utf8mb4 COLLATE=utf8mb4_0900_ai_ci;
/*!40101 SET character_set_client = @saved_cs_client */;

--
-- Dumping data for table `media`
--

LOCK TABLES `media` WRITE;
/*!40000 ALTER TABLE `media` DISABLE KEYS */;
INSERT INTO `media` VALUES (1,1,'Recusandae optio dolor distinctio optio et quae. Omnis ut omnis libero nulla impedit fuga qui. Reprehenderit consequatur facere impedit dolores deserunt. Vel quia ratione ipsa quia non incidunt quia.',NULL,9482,NULL),(2,2,'Aliquid quo dolorem nostrum est. Magni et unde rerum id debitis quos. Repudiandae quasi laboriosam ab numquam.',NULL,3,NULL),(3,3,'Officiis aperiam quis est sunt et. Delectus ullam quaerat porro consectetur id accusantium. Est ut delectus quos odio nihil. Necessitatibus laudantium delectus voluptas eligendi aut eum eveniet.',NULL,57593,NULL),(4,4,'Eos at modi aut facilis. Corrupti porro consequuntur hic aut ratione quos. Suscipit placeat repellat quibusdam ut.',NULL,8,NULL),(5,5,'Sed voluptas omnis in perferendis ratione et. Eum repudiandae amet distinctio non voluptatem. Impedit facere nulla dignissimos.',NULL,252,NULL),(6,6,'Quo quam odit quos dicta. Sapiente voluptas facilis facere et impedit. Omnis qui molestias nihil impedit. Magnam id neque enim nulla. Quia repudiandae eligendi enim sit.',NULL,672,NULL),(7,7,'Esse totam est itaque qui ut dolorem ipsum. Quis ea in reprehenderit ea enim assumenda quidem et. Vel nihil explicabo eaque asperiores. Consequatur quaerat qui suscipit laudantium odio.',NULL,132008,NULL),(8,8,'Nobis doloribus minima sit error corrupti autem velit. Neque magni voluptatem est. Nam distinctio praesentium et. Velit quibusdam animi sit eius quia.',NULL,8942,NULL),(9,9,'Nihil sed corrupti facilis voluptas. Harum doloremque qui dignissimos dolorum. Et aut quis maiores assumenda qui.',NULL,6837,NULL),(10,10,'Sequi dolor quam et eveniet. Voluptatem rem velit ducimus facere. Assumenda mollitia distinctio molestias architecto et illo est sint. Nesciunt repudiandae fuga sed velit facilis.',NULL,2,NULL),(11,1,'Architecto sint soluta eos ex. Nulla sed ut officia dolores praesentium hic et. Odio accusamus eos accusantium aperiam et magni et et.',NULL,0,NULL),(12,2,'Similique et a nemo dolorem minus voluptatibus. Ullam enim voluptatem amet hic nihil. Quo qui iusto ut qui eligendi ex.',NULL,9598,NULL),(13,3,'Atque labore sed vitae dolores omnis odio magnam. Quis natus velit voluptatem. Perferendis quo et optio repellendus ea est saepe possimus.',NULL,76,NULL),(14,4,'Natus eum eum sint architecto et architecto quod. Alias repellendus ut est sed velit ut. Ex consequatur consequatur ipsa harum in ut. Esse dolore culpa eveniet pariatur totam.',NULL,14,NULL),(15,5,'Laboriosam molestias veritatis et repellendus aut a. Dolores illo suscipit quia. Repellat optio nihil labore facilis rerum. In praesentium nihil numquam saepe praesentium.',NULL,684,NULL),(16,6,'Exercitationem facere et saepe numquam. Ab quaerat et tenetur error ea id.',NULL,1,NULL),(17,7,'Unde sequi officiis corporis tenetur neque amet. Totam alias corrupti qui dolor libero. Sapiente aut accusantium vel. Nulla itaque voluptatibus rerum ullam.',NULL,0,NULL),(18,8,'Aspernatur aspernatur qui quibusdam sequi sint in. Nulla sed incidunt ut sit. Earum eos sint sunt itaque omnis quo. Error aperiam deserunt qui voluptatum dolorem maiores veniam.',NULL,848,NULL),(19,9,'Qui inventore vel ratione et voluptas. Unde autem id praesentium consequuntur quae.',NULL,77736,NULL),(20,10,'Voluptatem dolor quas quasi ut ut dolores eum. Quibusdam error magni dolorem delectus hic. Facere neque asperiores et et qui. Illo voluptas a nihil et veniam totam perferendis tempora.',NULL,53223,NULL),(21,1,'Debitis omnis vitae enim nihil. Quidem et aliquam distinctio ratione ut. Suscipit debitis optio id natus quis enim. Quaerat velit ipsa quaerat dicta saepe aut ut.',NULL,0,NULL),(22,2,'Ea ullam debitis et et veritatis. Maxime omnis in distinctio at. Deserunt distinctio officiis dolores incidunt. Fugit similique facere similique accusamus repellendus ullam est.',NULL,33092062,NULL),(23,3,'Nihil error minima eaque debitis necessitatibus modi asperiores accusantium. Corrupti magnam qui laboriosam et quia nulla totam. Eaque tempora quia et et aut. Est veniam nulla tempore neque.',NULL,9640988,NULL),(24,4,'Voluptate sint sint optio cum enim velit. Et similique non autem omnis. Ab quia vitae voluptas minus optio autem est.',NULL,3,NULL),(25,5,'Rerum blanditiis fuga eius rerum. Incidunt amet odio in hic distinctio quas. Odio et dolores doloribus modi iusto excepturi debitis voluptates.',NULL,0,NULL),(26,6,'Dolor tempore ex voluptatem mollitia rerum in. Beatae eum omnis laudantium provident quas facere iste. Tenetur quae pariatur facilis sint cum. Cupiditate consequatur qui sit odit sint consequuntur.',NULL,4255796,NULL),(27,7,'Nihil et itaque voluptatem sequi temporibus. Ipsum rerum quas laborum ut minima. Rem aliquid quis aut a voluptates fugiat asperiores.',NULL,5243,NULL),(28,8,'Quisquam amet quia praesentium. Laudantium ut consequatur incidunt voluptatem. Quia sed eligendi est accusamus aperiam atque. Magni id dolore sed nobis officiis.',NULL,46465,NULL),(29,9,'Rerum dolorem excepturi qui consequatur perferendis molestiae. Reprehenderit aliquid et necessitatibus qui. Tempora dolor accusamus sint. Tenetur et qui sint quia pariatur.',NULL,708945,NULL),(30,10,'Alias porro repellendus omnis nulla. Eius voluptates accusamus expedita provident. Voluptates non voluptatibus debitis omnis.',NULL,218274,NULL),(31,1,'Numquam adipisci voluptas accusantium quisquam ea pariatur. Odit et iste consectetur in. Cumque autem possimus veniam porro. Modi aliquam ea autem labore quod cupiditate explicabo laudantium.',NULL,70,NULL),(32,2,'Odio vitae quo ducimus molestias recusandae vitae tempora. Quibusdam et ut cumque error. Et ut ea provident.\nNatus dolorem rerum provident eos ratione dolorum. Nam nam non quia ut praesentium cumque.',NULL,499,NULL),(33,3,'Sunt et provident culpa velit nam et nam. Sint nam consequuntur atque. Temporibus ipsa magnam quis possimus quaerat voluptate.',NULL,25117952,NULL),(34,4,'Molestiae officia fugiat minus quo rem eveniet similique eos. Tenetur sunt et corporis quos ea. Officiis voluptate blanditiis amet vitae. Aut rerum assumenda dolorum et sit reprehenderit et.',NULL,0,NULL),(35,5,'Tempore nulla tempore recusandae ab a voluptas delectus. Voluptatem sunt unde alias. Ad esse expedita eos quas necessitatibus officiis. Beatae iusto numquam dicta maiores nemo est.',NULL,7,NULL),(36,6,'Aut quae architecto asperiores. Et nesciunt voluptatem quia. Et voluptatibus totam corrupti sapiente et nisi eum. Quidem assumenda quam aut labore.',NULL,79988492,NULL),(37,7,'Magni adipisci voluptatem aut sed dolorem rem. Optio vel a quas dolorem. Tempore tempora ratione voluptatem molestiae sed et doloremque. Non eum sequi exercitationem quo.',NULL,5533407,NULL),(38,8,'Vel praesentium eveniet omnis sapiente tempora. Corporis eligendi ut repudiandae. Et dicta sed dolor cumque et consequuntur. Qui qui nihil qui error autem dolores.',NULL,0,NULL),(39,9,'Est accusantium vero omnis qui molestias. Quisquam excepturi nihil esse voluptatem et. Odit inventore deserunt consequatur. Repellat fugiat laudantium ut deleniti.',NULL,335241,NULL),(40,10,'Molestiae quibusdam ea et tempora autem. Praesentium rerum libero architecto explicabo iusto. Ullam voluptas quod illum. Ex similique eius quibusdam voluptas maxime ea.',NULL,37,NULL),(41,1,'Est repellendus distinctio eveniet. Omnis illo voluptates omnis qui sint quibusdam facilis est. Vitae vel et qui quaerat soluta.',NULL,2679,NULL),(42,2,'Ut magnam velit blanditiis et est voluptates. Aut rerum nihil consequatur libero nesciunt iure sapiente. Enim ipsam eligendi quisquam officiis quo ut. Voluptatem est enim ut totam nulla.',NULL,61431,NULL),(43,3,'Dolores doloremque aut debitis non. Esse rem sit blanditiis accusantium doloremque ut ut rerum. Veritatis unde inventore excepturi repellendus.',NULL,1704,NULL),(44,4,'Aut id eos quia voluptas quasi dolor consequuntur eius. Molestiae numquam ut unde quidem autem. Nihil explicabo iure nostrum quia ut tempora et.',NULL,49371901,NULL),(45,5,'Accusantium ut odio id. Itaque odit quia earum possimus incidunt. Eveniet quibusdam debitis sed mollitia aspernatur.',NULL,0,NULL),(46,6,'Laboriosam id et sunt id velit. Quam est aliquid possimus id facere ipsum nobis. Consequuntur ipsum culpa libero ut est et est.',NULL,7,NULL),(47,7,'Quis ducimus sunt dolores quia omnis quam animi. Quo veritatis dolorum molestiae deserunt. Blanditiis quis possimus aut quia sed aut quia. Unde vitae saepe perspiciatis beatae ea nostrum commodi.',NULL,0,NULL),(48,8,'Exercitationem qui ad ad odio velit. Aut sit nostrum explicabo nisi sunt laboriosam vitae repellat. Quo iure vel repellendus distinctio. Dolorem ipsa nemo temporibus est.',NULL,0,NULL),(49,9,'Quo iste reprehenderit velit inventore. Ducimus et ad voluptas magni consequatur. Eum voluptate nihil nobis et. Placeat ipsam cupiditate repudiandae sunt non.',NULL,0,NULL),(50,10,'Quas deserunt assumenda sit sed. Aut officiis occaecati et. Ut repellat est accusantium et modi.',NULL,374471,NULL),(51,1,'Cum odio ducimus placeat nesciunt earum excepturi et. Dolorem asperiores consequatur velit in minus blanditiis. Nihil quia eos eos a iusto necessitatibus inventore.',NULL,8,NULL),(52,2,'Placeat odit esse qui alias. Quisquam sit et perferendis est. Quia accusantium laboriosam quia ea recusandae.',NULL,84313,NULL),(53,3,'Laborum commodi cupiditate perferendis. Qui non maxime rerum voluptas.',NULL,4747269,NULL),(54,4,'Aperiam facere ut vero libero neque. Dignissimos dolore rem cupiditate doloremque et voluptas deserunt. Natus corrupti voluptas quia quia nobis voluptas qui.',NULL,9,NULL),(55,5,'Perspiciatis in aspernatur molestias maxime maiores. Quia atque accusantium qui. Quo sint quaerat veritatis id velit et. Nihil aut et sint excepturi harum itaque. Aut quae illum consequatur alias.',NULL,56986,NULL),(56,6,'Molestiae cupiditate corporis quos aliquam eum rerum dolorum. Rerum enim deleniti reiciendis id aperiam consectetur. Fuga nihil nemo et autem.',NULL,86863,NULL),(57,7,'Est quos in hic quia placeat. Et consequatur excepturi laborum ut. Aliquid maiores repudiandae quis error in.',NULL,330928,NULL),(58,8,'Tenetur consectetur est maxime eaque unde beatae. Placeat harum iste dolor impedit similique expedita. Mollitia culpa architecto hic doloribus quia repudiandae.',NULL,603361,NULL),(59,9,'Dolor voluptatem fugit error perferendis nisi voluptates. In maxime repellendus voluptas. Cupiditate et vitae et et in consequatur. Architecto aut doloribus labore veritatis qui quae.',NULL,8,NULL),(60,10,'Aut necessitatibus iusto quia repellat cum consequatur. Ab accusamus impedit aut est quaerat quasi nobis ipsa. Mollitia dolorem ea dignissimos. Quas et error sunt impedit perferendis harum.',NULL,85459382,NULL),(61,1,'Pariatur harum consequatur et. Aut eum nostrum sequi temporibus. Nisi iusto excepturi voluptatem qui facilis est.',NULL,671617424,NULL),(62,2,'Sapiente unde quos rerum necessitatibus nam et fugit. Voluptatum excepturi dolores aliquid ullam. Cumque ratione occaecati sunt. At numquam voluptatibus consequuntur sapiente ut rerum fugit.',NULL,25468,NULL),(63,3,'Nisi blanditiis deserunt consectetur aut velit quod quis. Aut totam nihil corrupti. Veritatis minima maiores sed omnis laborum quasi magni.',NULL,458757,NULL),(64,4,'Et soluta accusantium dolores laborum. Labore voluptatum dicta non porro beatae est. Ut ut illum vitae numquam aut dolor voluptas. Nisi eveniet quae sit ducimus doloribus.',NULL,975135,NULL),(65,5,'Sunt earum nobis voluptate. Quae ad eius aut repellat corporis maxime. Quibusdam quis quia qui velit cumque dolores molestiae. Perspiciatis ut dolores autem aut.',NULL,224,NULL),(66,6,'Voluptas harum non doloremque et ipsum quis natus placeat. Quaerat ex iste perspiciatis voluptas quibusdam. Cum sequi non eos tenetur numquam. Eum voluptas aut ut aut.',NULL,7,NULL),(67,7,'Suscipit laudantium minima nisi quasi cum qui ea. Quasi consequatur nam atque et est. Quia in ducimus et at praesentium nesciunt eum aliquam.',NULL,38059752,NULL),(68,8,'Impedit optio qui sint quibusdam praesentium. Perferendis eum quibusdam aut veritatis dolores voluptates ut rem. Facere sed et consequatur ex rerum itaque consequatur a.',NULL,17741631,NULL),(69,9,'Aut quis in voluptas quidem eius. Non eum eum hic placeat dolor voluptate quas. Minima quis eaque quo assumenda eligendi sunt.',NULL,458948954,NULL),(70,10,'Aliquid dolores qui eius eos suscipit. Quidem quis autem occaecati error. Quasi vel porro repellendus animi pariatur in quaerat. Perferendis quia quod blanditiis sint at itaque eum.',NULL,1,NULL),(71,1,'Quis minima hic neque error sed ut. Et ab et fugit eaque et alias aut. Iure qui odio aut quis. Quod qui ut recusandae voluptates modi nesciunt.',NULL,5622,NULL),(72,2,'Ea totam et deleniti voluptatibus. Illo fugiat non aspernatur officia error.',NULL,2014,NULL),(73,3,'Odio adipisci quia nemo porro nostrum ex. Inventore aut at nobis delectus eos ipsam. Dolores nulla eos accusamus id minus.',NULL,0,NULL),(74,4,'Minus deleniti earum veritatis. Dolorem aut officia aut saepe quis sit. Culpa cumque laboriosam iure. Eos animi est laudantium.',NULL,12,NULL),(75,5,'Eum et cumque itaque at et necessitatibus est. Architecto voluptates aperiam occaecati voluptatem nihil ipsa consequatur. Sit et quam ea ullam. Aut aliquid velit voluptates consequuntur.',NULL,2895774,NULL),(76,6,'Ex aspernatur doloremque sapiente est rerum. Neque quos ea ut est aut quia sed. Rerum quas animi ea quidem voluptatem.',NULL,545,NULL),(77,7,'Consequatur perferendis ut corrupti neque qui et. Cum at sit commodi architecto odio. Atque earum sint nihil sequi distinctio ex ullam quas. Repudiandae iusto eum numquam.',NULL,843048709,NULL),(78,8,'Ut unde consequatur cupiditate praesentium nemo vitae asperiores. Voluptas placeat officia libero. Soluta numquam eos et maiores nihil eaque et. Deleniti minima omnis nam magnam molestiae ratione.',NULL,5673467,NULL),(79,9,'Ipsa tempore earum quod tempora doloremque saepe. Maxime natus animi cumque sint expedita. Alias magni doloribus sit neque et veritatis. Porro quisquam et magnam et provident possimus velit.',NULL,4252489,NULL),(80,10,'Fugiat quas aspernatur optio nisi voluptate. Non sed assumenda sunt quae ea quae dicta.\nId culpa perspiciatis voluptas officia qui maiores sit. Expedita quaerat facere fugit ut non.',NULL,79046,NULL),(81,1,'Enim dolores fugit quaerat nulla magnam ea qui saepe. Nihil accusamus et sed enim voluptatibus sunt. Inventore amet doloribus debitis architecto voluptate corrupti sit.',NULL,0,NULL),(82,2,'Temporibus sunt ut consequatur illum iure. Velit nulla vel iusto dicta ea ut explicabo. Magni nemo tempore cupiditate et repellendus eveniet voluptate non.',NULL,812551419,NULL),(83,3,'Harum omnis delectus consequatur laudantium recusandae. Sed sapiente veritatis quidem ut odio et.',NULL,381,NULL),(84,4,'Omnis velit dolorum nesciunt quo. Deserunt saepe et aut qui unde perferendis. Labore enim dolores et ipsa quia possimus libero. Ratione unde nesciunt est optio officia qui.',NULL,62059,NULL),(85,5,'Quia est explicabo quaerat rerum laudantium id voluptas. Consequatur architecto ut id eveniet fuga rerum aut. Numquam qui voluptatem itaque enim aut.',NULL,58224633,NULL),(86,6,'Facilis doloremque repudiandae aut. Odit rerum voluptatibus facilis deserunt soluta repellat est. Incidunt et voluptatem ab aut. Quo et minima veritatis dolore ut quae.',NULL,5,NULL),(87,7,'Voluptatem praesentium repellat et totam sunt non. Provident odio quia est. Repudiandae blanditiis officiis rerum dolores dolor quia qui rerum.',NULL,926998,NULL),(88,8,'Sed quia quod atque eum optio ut doloribus. Exercitationem laudantium ipsum maiores odit eaque. Commodi doloribus et modi animi autem. Officia pariatur consequatur consectetur ea dolorem.',NULL,824,NULL),(89,9,'Impedit iure iusto similique nihil amet dignissimos. Vitae vel vitae aut consequuntur aut adipisci. Omnis dolorem unde quo dolor et fuga.',NULL,86919150,NULL),(90,10,'Architecto eum fugit occaecati accusantium. Dolores voluptas ab voluptates fuga quia pariatur amet.',NULL,8621603,NULL),(91,1,'Enim consequatur corporis earum hic quia cupiditate nemo vitae. Eveniet repudiandae et omnis adipisci omnis quos sed. Et repellendus voluptates sit optio sint incidunt consectetur.',NULL,30946,NULL),(92,2,'Nemo illo ab rerum nesciunt. Omnis qui eligendi sint enim quia omnis ea. Dolores aut reiciendis qui rerum neque. Quis tempora magni perspiciatis sint ipsam.',NULL,9039,NULL),(93,3,'Explicabo cumque quaerat in velit mollitia ea qui. Qui aliquam occaecati voluptatibus. Voluptatum molestiae distinctio similique cum.',NULL,178,NULL),(94,4,'Odio soluta et quos ut. Optio quaerat distinctio dolorem qui. Nemo ipsam vitae numquam nemo sunt. Officia non ipsum repudiandae ut rerum quia.',NULL,0,NULL),(95,5,'Sint aut et aut et est nam. Optio officia aut non voluptates ullam vitae. Provident perferendis impedit deleniti quia.',NULL,8516,NULL),(96,6,'Voluptatem laborum et sint et. Vel veniam aut sed vero nihil. Ut sint ipsa eius a.',NULL,59485,NULL),(97,7,'Eius quas est quasi voluptates sed facere. Cum consectetur qui voluptatibus. Nemo assumenda nam voluptates omnis qui sint.',NULL,8595363,NULL),(98,8,'Iusto harum ut non qui. Quo et porro numquam itaque. Sunt repudiandae repellat ratione error dolorem ipsam ducimus. Quos ad qui illo suscipit.',NULL,136,NULL),(99,9,'Quas laudantium laudantium voluptas iusto. Perspiciatis expedita rerum reiciendis aut quia. Occaecati maiores ad est fuga.\nNostrum ut omnis repudiandae in nulla. Molestias autem consectetur ad et.',NULL,9,NULL),(100,10,'Omnis magnam iste inventore sunt quibusdam quidem. Porro voluptas molestiae officiis qui. Rerum aut fugiat autem illum. Aut voluptatibus voluptate a illo inventore pariatur dolorum.',NULL,40529,NULL);
/*!40000 ALTER TABLE `media` ENABLE KEYS */;
UNLOCK TABLES;

--
-- Table structure for table `media_types`
--

DROP TABLE IF EXISTS `media_types`;
/*!40101 SET @saved_cs_client     = @@character_set_client */;
/*!50503 SET character_set_client = utf8mb4 */;
CREATE TABLE `media_types` (
  `id` int NOT NULL AUTO_INCREMENT,
  `name` varchar(245) NOT NULL,
  PRIMARY KEY (`id`)
) ENGINE=InnoDB AUTO_INCREMENT=11 DEFAULT CHARSET=utf8mb4 COLLATE=utf8mb4_0900_ai_ci;
/*!40101 SET character_set_client = @saved_cs_client */;

--
-- Dumping data for table `media_types`
--

LOCK TABLES `media_types` WRITE;
/*!40000 ALTER TABLE `media_types` DISABLE KEYS */;
INSERT INTO `media_types` VALUES (1,'sunt'),(2,'eveniet'),(3,'delectus'),(4,'suscipit'),(5,'reiciendis'),(6,'non'),(7,'odit'),(8,'aut'),(9,'labore'),(10,'praesentium');
/*!40000 ALTER TABLE `media_types` ENABLE KEYS */;
UNLOCK TABLES;

--
-- Table structure for table `messages`
--

DROP TABLE IF EXISTS `messages`;
/*!40101 SET @saved_cs_client     = @@character_set_client */;
/*!50503 SET character_set_client = utf8mb4 */;
CREATE TABLE `messages` (
  `id` int NOT NULL AUTO_INCREMENT,
  `from_user_id` int NOT NULL,
  `to_user_id` int NOT NULL,
  `text` text NOT NULL,
  `created_at` datetime NOT NULL DEFAULT CURRENT_TIMESTAMP,
  PRIMARY KEY (`id`)
) ENGINE=InnoDB AUTO_INCREMENT=301 DEFAULT CHARSET=utf8mb4 COLLATE=utf8mb4_0900_ai_ci;
/*!40101 SET character_set_client = @saved_cs_client */;

--
-- Dumping data for table `messages`
--

LOCK TABLES `messages` WRITE;
/*!40000 ALTER TABLE `messages` DISABLE KEYS */;
INSERT INTO `messages` VALUES (1,101,101,'Nam aut fugit sunt maiores ipsum illum ut. Cumque sit quo dolor velit velit. Qui exercitationem voluptatem nesciunt ex omnis velit.','1991-12-14 04:39:53'),(2,102,102,'Modi repellendus voluptatem non ipsa fuga enim et. Ipsum omnis hic earum qui maxime quidem aperiam amet. Qui in enim magnam qui. Repudiandae architecto officiis et illum aut quo laboriosam et.','1993-05-07 13:28:33'),(3,103,103,'Qui ipsam ipsam aperiam ea. Qui a ipsum debitis sapiente consequatur veniam ut. Eum soluta vero error autem velit.','2019-10-16 00:04:16'),(4,104,104,'Dicta magni distinctio distinctio. Ut debitis optio tenetur odit.','1992-05-28 09:22:20'),(5,105,105,'Explicabo quis provident sit voluptatem. Deserunt dolores accusamus quo est rem rerum repudiandae. Nulla cum est maiores natus.','1979-05-30 04:03:53'),(6,107,107,'Corporis voluptatem sapiente quasi blanditiis. Doloremque inventore sequi quisquam omnis blanditiis veritatis porro ab. Alias illo sit totam repudiandae.','1984-01-19 22:46:25'),(7,108,108,'Corporis eligendi porro ullam facere. Voluptatum id ab aut vero. Iste iste nulla dolor consequatur earum. Molestiae saepe voluptas fuga aut.','1972-01-24 15:01:54'),(8,109,109,'Quam vel sit corporis nobis quod illo. Ut sed et natus expedita. Deleniti nisi maxime delectus nihil qui.','1977-02-24 18:38:26'),(9,110,110,'Labore officia rerum maxime dignissimos iusto. Iure non itaque facilis nostrum est. Dolorem magni aliquam molestiae in qui. Et voluptatibus deleniti quia tenetur possimus.','1982-06-07 17:48:15'),(10,111,111,'Qui id et consequatur excepturi veniam. Dolor labore veritatis reprehenderit saepe. Nobis reiciendis a officia itaque molestias. Quia illum dolores quis temporibus.','1982-08-31 10:38:59'),(11,112,112,'Dolores fuga quasi molestias rerum sint consectetur. Possimus aspernatur suscipit enim. Dolor eveniet dolorem quo ut illum.','2012-07-07 18:53:38'),(12,116,116,'In numquam est corporis vel voluptatem dolores. Et reprehenderit a consequuntur quidem quidem expedita.','2017-06-08 20:52:31'),(13,117,117,'Architecto et et dolorum ut. Necessitatibus omnis delectus porro velit at. Eaque et itaque sit nobis et esse veniam saepe. Et dolorum tenetur blanditiis.','2014-05-21 03:51:44'),(14,118,118,'Distinctio aut dolor qui qui fugit sapiente. Aut qui voluptas modi similique quaerat. Voluptas molestiae ut pariatur vitae quas.','2003-07-20 09:59:24'),(15,119,119,'Veniam facilis veritatis voluptatem delectus impedit et neque. Delectus aut atque omnis fuga corporis exercitationem molestiae animi. Eum quod ipsam ea aspernatur optio dolores.','2007-10-01 03:59:18'),(16,120,120,'At delectus tempora sit. Rerum quas autem quasi blanditiis sint sunt. Facilis libero qui velit labore iste voluptatum.','2014-03-11 12:49:03'),(17,124,124,'Tempore doloremque earum molestias ab dolorem. Ullam rem fugiat facilis occaecati. Ut enim quisquam aliquid doloremque. Maiores neque aut sint eos possimus.','1996-04-05 00:55:45'),(18,125,125,'Numquam nesciunt occaecati est et. Quia repudiandae suscipit quo sit libero expedita dolorem. Beatae vel mollitia ab porro.','1979-07-27 21:26:11'),(19,127,127,'Nesciunt eos sunt libero nihil enim. Et sequi a ea magni eos illo ad et. Voluptatibus molestiae fugit similique. Voluptatibus ea adipisci et ut.','1995-01-03 20:49:08'),(20,133,133,'Ut quasi est pariatur sed rerum inventore. Delectus sit ipsa fugiat quo commodi. Labore minus ratione aut vitae repellat. Explicabo est reprehenderit ab error pariatur.','1977-05-03 05:49:30'),(21,134,134,'Aut mollitia et ut optio ab numquam. Corporis blanditiis praesentium at facere suscipit. Sed eum porro est qui qui ut.','1996-06-02 22:14:11'),(22,135,135,'Rerum et nulla dolores rerum est maiores eum. Voluptatibus in assumenda est consequatur voluptas. Eaque consequatur enim minima accusantium neque mollitia odit.','2004-12-13 01:45:56'),(23,137,137,'Consequuntur quisquam corporis quisquam amet quas consequuntur autem. Aut reprehenderit vitae optio quia et est. Ut ducimus qui eum.','2007-04-14 01:36:03'),(24,140,140,'Voluptas sit illum et expedita perspiciatis odio non. Dolores deleniti aspernatur consequatur repellendus sit quibusdam ad magnam.','2018-02-28 21:52:35'),(25,141,141,'Aut ex beatae ut sequi aut dolores. Odit qui modi provident tempora nostrum soluta aut. Fugiat id maxime est et nisi accusamus. Iste libero enim vel quis sed excepturi cumque.','1997-01-17 15:56:26'),(26,142,142,'Molestiae a labore ut aliquam aperiam. Repellat eum rerum asperiores culpa et repellendus. Molestiae non possimus illo libero voluptatem earum sed. Fugit ut asperiores iusto maxime quia porro.','1978-12-03 02:56:30'),(27,143,143,'Odio at debitis quasi laboriosam et. Quis repellendus omnis doloribus aut. Porro provident dolor dolores modi repellendus laboriosam. Omnis molestiae officia possimus et exercitationem est omnis non.','1993-07-11 14:52:29'),(28,144,144,'Iure dolores quae incidunt veniam asperiores voluptatibus odit unde. Ut rerum aut rerum architecto et expedita. Quis et quod nam temporibus dolor. Distinctio veniam dolor eveniet voluptatibus eum.','2005-07-09 18:04:04'),(29,145,145,'Recusandae architecto praesentium reprehenderit ad sapiente soluta consequatur. Et tempora voluptatem rerum ut. Qui eos amet ipsam libero.','2001-01-09 06:32:54'),(30,146,146,'Pariatur et aut est quas iusto et itaque quae. Esse aut maiores officia qui. Veniam id aliquid ex placeat et voluptates eaque quasi. Nesciunt enim mollitia architecto nobis qui ratione.','2009-07-20 10:34:43'),(31,149,149,'Et repudiandae voluptatem dolores atque est velit. Animi molestiae voluptate tempore enim. Quibusdam quia commodi aliquam.','2017-07-27 06:00:16'),(32,151,151,'Quibusdam odit non omnis magni accusamus et. Dignissimos omnis harum amet excepturi vero ducimus necessitatibus.','2002-09-26 16:41:57'),(33,152,152,'Veniam aliquid eos quo consectetur. Dolorem quia ipsa delectus autem at commodi minima. Ullam laborum harum minus sint quia odit soluta. Quis tempore officia laborum ratione magnam.','1970-11-29 22:06:46'),(34,153,153,'Et fuga doloremque molestiae veniam non animi velit. Sunt repellat itaque aspernatur rerum animi odit voluptatem. Velit sunt voluptate facere nemo. Deserunt aspernatur aut eum error.','2012-03-14 13:15:49'),(35,155,155,'Facilis est doloribus laborum omnis ex qui sed. Qui aut doloribus similique ducimus eos dolore quam. Sint voluptatem sit inventore architecto voluptatem voluptatibus.','2017-09-20 22:38:52'),(36,156,156,'Magni quis nobis ut dignissimos temporibus et. Voluptate modi et qui. Minima iusto sunt voluptatem qui.','2017-10-27 15:21:56'),(37,157,157,'Temporibus et voluptatem eligendi similique repellat minus quisquam. Et omnis molestiae recusandae animi id culpa. Quis unde molestiae laudantium sed.','1970-11-29 07:02:27'),(38,158,158,'Ab esse nisi et. Tempora autem optio consequatur dolorem omnis eveniet incidunt. Ad voluptatibus nam adipisci. Maiores delectus quam dolor veritatis dignissimos eaque labore.','1998-02-16 22:26:12'),(39,160,160,'Odit repudiandae quia omnis asperiores sunt. Nulla possimus cumque facilis fuga expedita a. Mollitia voluptatem et dolores.','1996-08-01 14:29:51'),(40,161,161,'Sit magni voluptas qui omnis. Nesciunt voluptate consequatur velit vitae consequatur repellendus. A voluptatem saepe eos voluptates magnam.','1994-08-26 23:51:59'),(41,162,162,'Harum saepe incidunt sint suscipit atque. Ullam expedita cum quaerat ut nihil quam eveniet ut. Enim sit occaecati accusamus explicabo qui ullam adipisci. Possimus excepturi sit esse quasi.','1971-03-01 22:05:35'),(42,165,165,'Natus voluptas eum nobis qui. Ut velit qui molestias occaecati asperiores. Esse et repudiandae quo dolorem deleniti excepturi culpa nam.','2004-07-23 21:44:25'),(43,169,169,'Rerum qui commodi aut et. Omnis voluptatibus temporibus consequatur. At asperiores sit cum qui nihil et.','2016-01-04 04:39:14'),(44,170,170,'Facilis velit quia quia porro aut consequatur. Culpa cupiditate voluptas voluptas. Voluptate et ut nostrum omnis. Voluptas sit quia est et eveniet doloribus. Velit officiis illo et sint.','1981-02-07 07:25:00'),(45,171,171,'Sed eligendi enim dolorum rerum facilis sunt. Sed voluptate a exercitationem odio voluptatem aut. Pariatur ipsa non et aperiam qui.','1984-03-31 12:58:26'),(46,173,173,'Deserunt totam aut unde cum repellat unde. Dicta inventore iste quia aliquid doloribus et distinctio. Et sunt dolore aspernatur corrupti.','1971-02-18 11:29:55'),(47,176,176,'Consequatur necessitatibus ad sapiente quibusdam molestias. Ab ut quas qui esse cupiditate molestiae omnis rerum. Architecto enim minima mollitia.','1973-12-07 21:55:08'),(48,177,177,'Ut sit nostrum amet ea officia. Libero deleniti sequi voluptatem maiores qui exercitationem blanditiis. Eum doloribus corrupti cum reprehenderit excepturi nesciunt.','1993-05-19 06:32:33'),(49,179,179,'Magni sed expedita culpa rerum. Laudantium officia quia error qui. Et laborum iusto nulla eos.\nNeque qui placeat tempore eaque. Vel et accusamus in consequatur et sapiente.','2015-10-27 03:46:16'),(50,180,180,'Assumenda ea tenetur placeat quae laboriosam. Adipisci et et culpa delectus id eveniet pariatur. Consequatur excepturi minus quod non.','1976-06-17 09:07:37'),(51,182,182,'Iste minus dolor fuga neque. Consequatur sit est assumenda aut neque et. Ducimus qui dolorem rem harum velit. Beatae et qui eos dolores veniam. Doloribus cumque qui assumenda.','1995-03-21 22:26:59'),(52,183,183,'Perspiciatis veritatis earum non velit harum blanditiis. Qui ad qui distinctio et deleniti voluptas. Pariatur ut nulla omnis quod laudantium.','1981-06-23 02:00:16'),(53,184,184,'Rerum esse quos voluptatibus. Dignissimos sunt est laborum eius ut assumenda est aut. Temporibus blanditiis ut facere quo velit optio dolore explicabo.','1988-02-18 09:18:38'),(54,185,185,'Qui assumenda quisquam velit modi dicta. Saepe voluptas harum animi. Sequi repellendus suscipit quasi molestias quia omnis.','1987-01-16 16:13:40'),(55,186,186,'Vel ipsam odit voluptates animi. Possimus aut repellendus veritatis aut. Quo et culpa placeat eum voluptate. Perferendis rerum impedit culpa quasi.','1991-01-18 04:14:30'),(56,188,188,'Veritatis quia ut aut voluptatem ullam repudiandae. Rem omnis nisi rerum quos. Ipsa exercitationem placeat rerum autem dolorem saepe id.','1984-12-13 04:13:15'),(57,190,190,'Est culpa rerum sed enim numquam. Atque laborum voluptatem quia ullam fugiat.','1997-05-24 15:27:14'),(58,191,191,'Quia natus rem cum voluptatem. Eaque ratione qui iusto omnis cum dolores voluptas voluptates. Nulla impedit est aut consectetur. Est et et dolor sit quis corporis officiis.','1996-07-26 22:55:16'),(59,195,195,'Aut voluptatem eos eligendi ea corporis eveniet. Totam perspiciatis magnam maxime accusantium quisquam quia. Veritatis et quisquam autem cupiditate.','2005-01-04 13:59:01'),(60,197,197,'Est est possimus mollitia facilis quisquam odio expedita. Voluptatum reiciendis ea corporis nesciunt est eius. Autem labore voluptas debitis dolorem. Reprehenderit architecto nihil id.','1986-07-21 02:27:03'),(61,200,200,'Cupiditate molestias cupiditate dolorem dolores dolorem qui. Possimus aut sint rerum sunt quibusdam aut occaecati. Non porro quos id sit. Natus officiis quos doloremque omnis et.','1980-05-26 18:09:38'),(62,101,101,'Occaecati laborum et voluptate quasi. Praesentium et dolorem repellat architecto dolores in qui. Id iste ratione est odit. Vitae dolor molestiae laudantium corrupti aperiam.','1998-07-15 03:55:49'),(63,102,102,'Et nihil tempore quis iusto. Enim ea repellendus neque eum et saepe ea voluptatem. Iste pariatur velit cupiditate quia cum tempore.','2007-06-27 15:07:55'),(64,103,103,'Maiores sed sunt corrupti quisquam animi ut. Enim consequuntur vitae numquam delectus vero. Iure enim qui quod aut minima. Voluptatem quis omnis qui hic eos dolores minus voluptas.','2014-08-06 18:07:45'),(65,104,104,'Eos ullam autem aut. Est reiciendis molestiae rerum sed. Quod autem magnam sapiente adipisci.\nMaxime voluptatem est illum ratione. Ipsum ullam laboriosam totam alias est animi nesciunt.','1993-02-13 16:42:28'),(66,105,105,'Ducimus voluptas eaque accusamus qui. Voluptate ullam illum tempore sit neque minus est autem. Quaerat asperiores ratione officiis tempore. Sint est corrupti molestiae facere autem eligendi.','2014-10-17 23:59:00'),(67,107,107,'Nobis sed est aut voluptatem enim et. Et voluptatem quod asperiores. Asperiores dolorem velit quos rerum ipsam excepturi. Nostrum ut in neque velit eaque iusto.','2008-03-11 02:48:10'),(68,108,108,'Aliquam adipisci atque neque dolores corrupti voluptatem fuga. Autem laborum animi ipsa natus est id. Qui porro maxime asperiores vel fuga qui.','2019-04-23 21:46:31'),(69,109,109,'Laboriosam blanditiis assumenda iste quia modi ipsam et. Voluptatem aut animi accusamus enim eum et et. Voluptas autem harum facere asperiores et enim nisi.','2004-09-15 01:50:44'),(70,110,110,'Repudiandae adipisci ipsam et ut. Ut asperiores omnis ipsam sed libero quia repudiandae et. Debitis quidem non vero perspiciatis nihil saepe. Modi aut consequatur et.','1991-08-11 13:29:39'),(71,111,111,'Labore quis doloribus in molestias sed id. Est possimus accusamus voluptates alias eum. Reprehenderit ut dolorem repudiandae.','2020-05-23 21:44:59'),(72,112,112,'Sed nostrum asperiores perspiciatis. Modi corporis ad voluptas id. Et eveniet et asperiores veniam ut. Doloremque non maxime aut in eos. Dolores ut quam eos omnis sapiente laborum ut.','1998-11-28 03:02:42'),(73,116,116,'Tempora minima mollitia beatae odio dolorum ipsam. Id quia deserunt ut eveniet cum totam. Rem in occaecati nam dolore similique aut sapiente. Commodi mollitia aut rem sint accusantium qui.','2015-09-20 07:22:07'),(74,117,117,'Rerum eaque commodi iusto nam cupiditate temporibus. Est id amet ea voluptates. Iste et nostrum non. Repellat dolorem adipisci quibusdam consequatur.','2019-10-27 07:17:29'),(75,118,118,'Et alias alias corporis est a. Maxime fuga debitis unde dolorem temporibus nemo. Ratione velit totam eum dolore error nobis repudiandae. Et libero nostrum itaque iure.','1998-06-10 16:54:20'),(76,119,119,'Aspernatur qui quis qui beatae. Impedit excepturi debitis quasi maxime at nihil in. Nostrum et ut cupiditate perspiciatis vel dicta corporis odit.','1994-02-04 16:30:03'),(77,120,120,'At sequi cum libero delectus. Dolor labore cumque amet dolores. Numquam et est possimus veritatis veniam.','1990-09-06 03:06:46'),(78,124,124,'Vero quia animi occaecati aut minima. Ea ea non sequi eos nostrum. Dolores enim ipsum distinctio est et soluta.','1996-11-05 12:58:31'),(79,125,125,'Odit ut consequatur at eum cupiditate iusto. Aperiam eaque esse voluptas autem.','2001-01-18 20:45:56'),(80,127,127,'Qui veniam consequatur et maxime minima nostrum. Sunt et repellat voluptas sint repudiandae architecto neque. Nobis magni quos sit dolores. Quas rerum eligendi aliquam qui ut deleniti.','1985-02-03 08:48:30'),(81,133,133,'Quas sunt reiciendis quisquam repudiandae sed sunt. Fuga harum magni eius sed. Aperiam et alias nisi iure omnis excepturi voluptas.','1985-05-21 08:39:06'),(82,134,134,'Magni necessitatibus quae ratione quasi ut atque. Aut illo aperiam similique iste autem voluptatem qui. Consequatur quos inventore et molestiae. Consequatur et corporis omnis est nihil.','1979-10-22 12:27:35'),(83,135,135,'Error dolor quidem optio neque optio repellat doloribus. Eum quidem pariatur nam et adipisci natus distinctio. Et et molestias quas tempore molestiae.','2000-07-25 10:31:54'),(84,137,137,'Hic fugiat ut necessitatibus totam dignissimos modi recusandae. Officiis eos sapiente necessitatibus. Qui nemo eveniet et consectetur est nobis illo.','1996-02-08 14:40:44'),(85,140,140,'Ut qui enim qui ipsam aperiam excepturi nam. Repellendus recusandae velit inventore dolore culpa.','2005-01-25 04:53:33'),(86,141,141,'Minima a nulla sint quo doloribus rem fuga. Autem et molestiae nesciunt. Magnam incidunt sapiente voluptatem odit nam maiores. Quasi vel laudantium reiciendis magnam.','1976-09-24 22:57:42'),(87,142,142,'Occaecati laboriosam temporibus dolor suscipit. Sed eos non est iusto quidem qui. Eius beatae et non saepe a.','2016-01-30 03:08:38'),(88,143,143,'Ut accusamus quam molestiae laboriosam tempora. Et nobis odit neque qui enim. Voluptas assumenda dolor quo. In provident et dolor omnis.','1989-08-15 13:42:10'),(89,144,144,'Similique sint ea dicta possimus perferendis. Neque non laudantium nostrum quae corporis. Eos debitis quibusdam assumenda doloremque numquam et.','2018-07-03 00:30:01'),(90,145,145,'Et doloremque nihil et voluptatum. Sit alias et non tenetur ut esse ea. Fuga minus omnis impedit voluptatem hic consequatur ullam.','2000-09-03 13:20:29'),(91,146,146,'Est impedit quia libero illo est et. Sequi et et qui. Quis nostrum dicta rerum ut officiis. Quia dicta quis pariatur sequi facilis.','1996-08-17 02:52:41'),(92,149,149,'Ut voluptas nostrum voluptatem et animi. Quam qui eaque quis rerum omnis et non. Soluta voluptatem quaerat voluptatem consequatur alias maiores sit et. Laborum cum nihil sequi ut voluptatibus.','2012-10-19 05:23:11'),(93,151,151,'Ut ex nesciunt autem et veritatis. Et et dolorem maiores mollitia est quidem. Ut culpa placeat vitae. Aliquam enim sit adipisci quo et debitis architecto.','2017-04-30 22:02:50'),(94,152,152,'Consequuntur necessitatibus eligendi voluptatem. Et nam doloremque rerum qui. Asperiores sunt aliquid perspiciatis est quisquam totam.','2017-02-15 21:57:54'),(95,153,153,'Sunt incidunt minus debitis. Doloribus qui nostrum et ratione perspiciatis. Praesentium voluptatem voluptatem maiores est similique voluptatem.','2014-03-04 16:40:10'),(96,155,155,'Vitae neque cum sed quis. Ab perferendis commodi fugiat deserunt dignissimos sed. Molestiae rem minima eligendi nihil. Ea nihil porro nesciunt totam.','1980-09-04 02:17:41'),(97,156,156,'Et autem ut est id rerum sunt. Dolores fugit eius eos quia sit quae. Natus in consequuntur autem non dolores. Numquam nostrum et repellendus culpa.','1991-08-12 23:56:19'),(98,157,157,'Eveniet aliquid et ipsam quod minima provident fugit. Quia dolores eos et voluptatem rem ut ullam mollitia.','2018-05-25 13:19:19'),(99,158,158,'Beatae quae laborum iusto magni maxime maxime est. Illo distinctio sunt blanditiis animi corporis. Temporibus ducimus sit veniam ea dicta et ut.','1989-11-18 02:32:20'),(100,160,160,'Tempore incidunt saepe labore nihil sapiente. Neque quam dolorum est. Ratione cum odio cupiditate dolorum corporis. Est fugit aut commodi eius.','2017-09-29 09:35:18'),(101,161,161,'Commodi qui placeat enim praesentium. Dolorum atque pariatur quia. Ut voluptatum est ipsum illum deleniti maxime. Accusamus repudiandae vel cupiditate.','1977-07-09 03:17:49'),(102,162,162,'Alias ab provident laudantium laborum aut ut omnis. Perspiciatis ea ducimus ullam id maiores temporibus id.','2011-10-14 04:57:17'),(103,165,165,'Ut ea soluta libero dolore exercitationem pariatur. Veritatis animi cum porro. Voluptatum sequi iure impedit.','1999-09-16 17:50:34'),(104,169,169,'Excepturi sed rem non. Voluptatum ducimus sapiente numquam qui et. Minus molestias saepe repellendus sint adipisci quis sint. Soluta autem voluptate pariatur dolorum.','1982-04-18 17:33:40'),(105,170,170,'Dolor similique aspernatur accusantium minus ad sint praesentium. Esse rerum animi excepturi iusto tenetur temporibus vero. Tenetur totam tempore sit est est qui in et. Ratione quis maiores magni.','2006-06-06 01:30:09'),(106,171,171,'Autem non alias tempora. Molestiae dolores sunt maiores voluptas dolor ullam ut. Veniam eos animi debitis aut.','2001-06-22 07:10:25'),(107,173,173,'Sint quia ratione inventore dolores perferendis. Voluptate aspernatur qui earum exercitationem aut vero culpa et.','1972-01-27 22:34:02'),(108,176,176,'Voluptas dolorem molestiae omnis quibusdam. Expedita dolores adipisci qui vel quo ut ipsum. Numquam ex consequatur voluptate quasi ut. A consequuntur dolor amet. Natus commodi ea placeat qui.','1973-07-01 04:13:47'),(109,177,177,'Quod assumenda qui eum repudiandae fuga. Natus sunt laboriosam aperiam ut quis doloribus. Illum tenetur iure sint dolorem. Vero ex quis ut perferendis non non alias soluta.','1997-10-26 18:45:45'),(110,179,179,'Nihil facere facilis id. Sunt autem dolor quaerat unde. Rerum quos libero minima impedit non asperiores omnis voluptatem. Corporis dolores accusamus omnis dolor doloribus qui dicta exercitationem.','1983-03-01 14:11:07'),(111,180,180,'Reiciendis rem esse vel. Sunt recusandae molestiae eveniet sed. Aut voluptatem velit quas alias exercitationem voluptatem unde nostrum. Deleniti incidunt minima voluptate quaerat voluptatum quis.','1977-02-11 21:12:31'),(112,182,182,'Eum fugiat et magnam sit est nobis dolores. Reprehenderit voluptates qui quo unde. Doloremque consequatur sit unde aut cupiditate quia qui natus. Nihil nihil id recusandae aut eligendi autem.','1999-06-05 01:22:38'),(113,183,183,'Molestiae qui aperiam asperiores tempora aliquam placeat. Asperiores maxime earum repellendus et dolorem qui nihil quod. Fuga sapiente totam quidem explicabo delectus ullam.','1977-03-27 14:57:22'),(114,184,184,'Ducimus illo iusto esse eligendi deserunt harum. Doloremque natus aut ad ut et numquam occaecati. Quibusdam voluptas repellendus est dolore et ut temporibus.','2014-09-13 22:43:49'),(115,185,185,'Rerum assumenda cum velit sint est rerum. Eaque magnam aut aut fuga dolorem dignissimos voluptatem ut. Excepturi beatae atque est debitis.','1987-11-25 17:06:25'),(116,186,186,'Id optio tenetur placeat quae mollitia aut. Magni iusto velit sunt incidunt molestiae libero quia fugiat.','1988-07-15 04:40:40'),(117,188,188,'Sint et quo sequi enim ipsum. Nostrum nemo quis harum iure illo.\nQuasi blanditiis et minus sed minima. Qui eos molestiae quasi omnis. Voluptatibus necessitatibus molestiae quis et harum laborum.','2018-12-30 18:11:35'),(118,190,190,'Quia rem et ipsam soluta numquam et numquam. Quo culpa sint quaerat dolorum a earum voluptas.','1985-09-22 23:50:57'),(119,191,191,'Minus ducimus necessitatibus nemo magni. Similique quaerat non sit iste tempora esse. Perferendis sed consequatur et et eligendi dignissimos.','1993-10-10 01:52:20'),(120,195,195,'Itaque ipsa magnam hic officia. Laudantium sint ullam aut dolores voluptas quisquam veritatis. Corrupti repudiandae voluptas nihil aut qui in similique.','2002-06-09 07:44:55'),(121,197,197,'Incidunt voluptas unde corporis consectetur. Ut tempora mollitia ex molestias animi. Consequuntur sequi iste dolorem.','1978-05-04 05:54:10'),(122,200,200,'In est sunt itaque nemo facere debitis deleniti. Ipsa eum commodi facere nihil.','1973-02-24 15:24:39'),(123,101,101,'Ut ad libero sed autem neque libero id. Officia ab odit dolor velit. At dolorem mollitia repudiandae aut reiciendis nisi. Et ipsa sunt quia sed suscipit vel.','1992-07-15 12:15:23'),(124,102,102,'Tenetur eos reiciendis et animi. Saepe ratione alias officia quis quia molestiae ad. Reiciendis incidunt laudantium non molestiae. Velit ratione fugit labore et.','1970-04-08 23:01:03'),(125,103,103,'Vel odit sed omnis in rerum quia. Id odit placeat libero aut sit. Possimus praesentium consequatur quas reiciendis error. Laudantium blanditiis iusto sed.','2018-10-11 18:38:58'),(126,104,104,'Velit eveniet dignissimos amet dolorem ut. Sed impedit voluptas adipisci voluptatum nihil velit. Ratione reiciendis commodi sequi consequuntur. Saepe sint aut sapiente recusandae aliquam.','2013-08-23 11:07:52'),(127,105,105,'Minima sed ipsum sed fugiat veritatis. Quia doloribus fugit eum quod illo natus fugiat. Assumenda voluptatem mollitia quaerat est et omnis quaerat ut.','1982-07-28 00:04:45'),(128,107,107,'Dolorum id quisquam ipsum enim voluptas qui suscipit voluptates. Et facere deserunt recusandae molestias hic rem. Dolores sed animi consequuntur aliquid modi voluptas qui ut.','2012-05-12 23:18:03'),(129,108,108,'Non aliquam asperiores ea voluptatum. Culpa est aspernatur fugit. Rem odio quo dolores iste et alias.','1993-08-08 01:38:33'),(130,109,109,'Dolores voluptas voluptas delectus voluptatem. Aut consequatur nostrum qui at in dolores. Ad neque officia praesentium velit ut. Commodi et facere id expedita rerum.','2019-07-22 10:17:03'),(131,110,110,'Et quam fugiat ducimus rerum sit autem consequatur. Nulla dignissimos sed rem dolorem in ipsum ut corrupti. Cumque placeat iusto nemo enim. Omnis sed dolore eos sit accusantium labore rerum et.','1978-06-26 18:22:20'),(132,111,111,'Vitae reprehenderit ullam placeat aut. Est architecto totam harum sunt reiciendis maiores. Fugiat voluptatem necessitatibus fugiat mollitia odio vero.','1973-08-07 22:13:45'),(133,112,112,'Sequi laboriosam laudantium qui corrupti. Et et mollitia incidunt rerum facere aut. Culpa ab voluptas et cumque eaque ad repudiandae.','1974-01-05 09:55:49'),(134,116,116,'Est corporis excepturi sit numquam consequatur eaque. Vel consectetur a iusto. Quisquam quasi maiores natus excepturi repudiandae incidunt.','2014-01-30 12:40:29'),(135,117,117,'Amet asperiores quasi rem dolores eaque perspiciatis autem. Sequi non sunt aut in. Rem blanditiis accusantium voluptatem eligendi.','1980-03-30 21:35:43'),(136,118,118,'Et incidunt ut voluptatem fugit. Totam laudantium magnam laboriosam rerum rem accusantium et qui. Quisquam nihil consequatur quis sapiente. Omnis natus autem fugit commodi.','1994-01-12 10:25:59'),(137,119,119,'Perferendis qui non eligendi nam architecto sed iure. Illo deserunt vel tempora repudiandae a eos sequi. Pariatur est labore quos ipsam excepturi minus. Eligendi omnis enim vel sit eos non.','2008-06-22 23:16:29'),(138,120,120,'Doloribus quo vel ut deserunt adipisci est libero reiciendis. Molestiae ut tempore deserunt doloribus odio. Occaecati assumenda aut quidem enim quisquam est. Sequi veniam qui saepe rerum.','1995-05-02 12:37:12'),(139,124,124,'Id a consequatur doloremque quos tenetur harum. Et vitae sunt ipsum minus maiores ratione.\nEius qui assumenda ut accusantium voluptatem soluta. Quod at voluptates harum soluta laudantium.','2015-08-10 01:40:12'),(140,125,125,'Voluptates tenetur qui similique soluta quod rerum. In ut culpa dolorem ipsa voluptates. Cupiditate ea et eos dolore cumque libero soluta.','2012-01-17 09:30:08'),(141,127,127,'Iure ut ea praesentium error dolor dolorem. Voluptatum dolorem vel ipsa dolor. Et recusandae ullam est est beatae animi.','2012-03-09 21:05:44'),(142,133,133,'Ab quia laborum ullam aspernatur. Non cumque distinctio esse placeat et. Accusantium cum ad ut quod aut hic iure. Explicabo omnis nobis aliquam sit.','1998-08-20 09:50:14'),(143,134,134,'Magni sunt aliquam architecto itaque. Fugiat dolorem et reprehenderit. Pariatur molestiae et fugiat ut dolores voluptatum. Veniam suscipit illum saepe iste esse eius dolores molestiae.','2001-05-03 22:20:57'),(144,135,135,'Ut et est voluptas sint optio ratione. Fuga delectus dolorem assumenda ut.','1994-06-09 07:18:34'),(145,137,137,'Ut labore optio corporis nulla necessitatibus. Tempora quia accusamus et minima. Ut sint nesciunt minus ipsam.\nFuga voluptate id ut perferendis. Aut ipsam et sed. Doloremque est et hic optio.','1980-07-08 01:56:12'),(146,140,140,'Suscipit dolore repellendus voluptatem quia officia laudantium veniam nihil. Alias a labore provident esse quo eos quis. Aliquid a eligendi vitae eius rem.','2018-01-12 00:15:47'),(147,141,141,'Dolores aut facilis rem nemo odit consectetur. At ut et ab eius quisquam dolore totam. Laboriosam reiciendis beatae enim eum officia.','1988-12-19 22:07:40'),(148,142,142,'Non perferendis ad nulla aperiam nemo inventore dolor illum. Explicabo libero tempore sint occaecati porro excepturi expedita. Provident nobis deleniti minima. Ea adipisci alias et eligendi.','1986-05-13 00:23:05'),(149,143,143,'Aut dolore quod aut maiores. Omnis hic repudiandae consectetur non quae aut consectetur. Quas doloribus voluptas exercitationem recusandae tempora. Qui delectus sed ipsam molestiae ab ratione.','2003-06-05 03:05:56'),(150,144,144,'Aut autem ea dolor fugiat. Quod officiis quaerat reprehenderit reprehenderit a. Consequatur eos quo est sint voluptates veniam aliquid.','2009-11-22 01:29:40'),(151,145,145,'Commodi eaque eos molestiae corporis assumenda. Eos nihil totam culpa ratione autem vitae. Deserunt nam deleniti explicabo eaque.','1979-10-08 21:56:08'),(152,146,146,'Totam cum vel est quia officiis omnis architecto. Aliquam omnis aliquid molestiae repellat. Id ipsa ab repudiandae est quisquam. Laboriosam natus natus facilis totam voluptatem.','1985-08-12 10:09:27'),(153,149,149,'Rerum rem fugit aut provident iure eos. Ea ex laborum labore ipsum. Repudiandae eius unde eius hic. Ea id eveniet veniam porro veniam quaerat ipsam.','1974-04-25 13:34:21'),(154,151,151,'Voluptas qui dolor corrupti harum qui. Aspernatur quia quas autem magni eaque quos. Sed officia aut et consequatur consequatur. Pariatur expedita aut fugiat rerum quisquam reprehenderit.','1996-12-23 05:18:27'),(155,152,152,'Dicta voluptatibus nemo eveniet. Nulla dolores qui molestias porro qui enim. Et et officia id iusto possimus et saepe.\nDolorem unde fuga autem optio. Nulla nesciunt et odit.','1992-11-11 21:51:11'),(156,153,153,'Ducimus ex officiis dolor aut quibusdam inventore. Voluptatem quia qui ut et. Reiciendis aut cupiditate quas ut repudiandae deleniti quo itaque.','1976-09-04 11:10:41'),(157,155,155,'Reprehenderit sapiente aut quibusdam iure ut ut. Autem ut asperiores voluptatem modi explicabo. Ab quis officia in similique. Voluptatibus tempore nostrum beatae aut commodi earum et eos.','1973-10-27 00:00:51'),(158,156,156,'Dolor voluptas optio eum et facere et pariatur. Consequuntur molestiae voluptatem in amet. Ut tempora porro aspernatur qui et numquam. Saepe beatae aliquam qui in soluta.','1980-10-11 14:23:56'),(159,157,157,'Dignissimos facilis repellat perferendis asperiores aut. Nesciunt aliquam hic veniam assumenda sint sint vel. Consequatur dolor voluptatem qui excepturi.','1985-07-17 07:00:05'),(160,158,158,'Modi assumenda sint blanditiis. Rerum voluptatum quas quia sint sed facere sed. Ad quis mollitia sequi cupiditate tempore et reiciendis. Debitis in excepturi optio incidunt.','1982-11-13 14:23:09'),(161,160,160,'Qui provident vel culpa libero aut ipsum voluptas. Animi sapiente ullam reiciendis aliquam pariatur nihil officia. Beatae autem consequuntur sit et aut quia.','1987-07-15 04:33:18'),(162,161,161,'Enim iste quae eum reprehenderit voluptatem expedita quia possimus. Est totam voluptate nobis vel.','1985-11-05 07:17:59'),(163,162,162,'Architecto velit praesentium sit. Laboriosam cumque atque qui expedita. Consequatur aut quod officia omnis a est. Qui autem magnam qui.','2004-06-26 08:05:04'),(164,165,165,'Nihil autem eum quidem ut vel aliquid. Reprehenderit voluptas qui eligendi et. Numquam hic et occaecati quae consequatur vel vitae. Sit et esse suscipit possimus est sunt a.','2014-02-23 15:50:39'),(165,169,169,'Omnis itaque autem aliquid quia error. Aut facere molestiae esse et temporibus. Eveniet cupiditate sed aut a. Doloribus quia soluta autem dignissimos dolor dolorum.','1992-10-25 11:53:32'),(166,170,170,'Sunt labore impedit sapiente libero consectetur recusandae. Praesentium ut delectus ex at. Est et necessitatibus quis animi esse quam. Est non cum incidunt a quae.','2011-12-13 23:47:26'),(167,171,171,'Alias quidem quidem porro qui impedit sequi tempora. Nisi quas deserunt impedit facilis quam. Eligendi dolorem est nihil dicta.','1997-02-26 13:31:10'),(168,173,173,'Et nihil praesentium est sit. Nam non molestias consequuntur quidem. Voluptates suscipit odit nihil ea.','1975-07-19 05:40:52'),(169,176,176,'Aperiam voluptas quia odit maxime. Molestiae a consequuntur voluptas corporis omnis tenetur. Ut consequuntur non assumenda numquam.','1973-08-14 01:34:23'),(170,177,177,'Voluptatem voluptatum doloribus quibusdam atque itaque quibusdam dolorem est. Deserunt sint neque doloremque maxime voluptatem sit soluta. Est ut illo provident quasi.','1985-03-21 20:20:04'),(171,179,179,'Quos et enim at repudiandae veritatis. Tempora quaerat minima nesciunt aliquid maxime et. Est esse voluptas magnam sint incidunt omnis. Ut delectus exercitationem optio ut.','1977-06-16 16:01:05'),(172,180,180,'Optio et qui vitae qui. Iusto et ut unde placeat veritatis itaque libero minus. Alias aperiam illum nulla saepe. Magnam cum commodi consequatur est illo cupiditate molestiae.','2016-12-28 14:13:56'),(173,182,182,'Eaque et autem odit. Consectetur quod itaque quod qui nihil. Facilis iste est quaerat non neque quia est. Commodi a minima non error iure.','1987-04-26 03:27:50'),(174,183,183,'Suscipit ullam ut cupiditate enim velit voluptates natus. Maiores aut quisquam earum dignissimos quos et dignissimos. Et soluta enim qui fugit error.','1995-10-19 22:14:03'),(175,184,184,'Iusto et sunt ut laboriosam nihil in nam. Dicta veniam voluptatum molestiae ullam repellendus tenetur voluptatem.','2015-05-04 23:41:20'),(176,185,185,'Voluptatem qui nam dolor quidem odio magni rerum est. Quae aspernatur ipsam debitis repellat et. Et aut id rerum et. Asperiores amet tempore rem sunt iure voluptatem rerum.','2001-01-22 22:00:14'),(177,186,186,'Voluptates quibusdam et aut eos et eum debitis. Ab est deleniti dolorem officiis fuga.','2005-09-20 06:47:28'),(178,188,188,'Libero molestias dolore maxime vel non neque. Amet excepturi debitis sed provident quia ut. Ex reprehenderit minus dolores sed in aliquid nihil.','2003-02-20 17:34:41'),(179,190,190,'Nesciunt consequatur quia aut corporis aperiam. Facilis debitis officiis delectus. Quaerat atque quae sed.','1972-08-06 22:37:11'),(180,191,191,'Adipisci aut omnis qui quis corrupti voluptatum. Error et dolores reiciendis est ipsam est. Animi animi eos dolor accusamus.','2000-10-05 16:16:02'),(181,195,195,'Blanditiis voluptates et reiciendis commodi non consequuntur et. Nihil officiis illum vel id pariatur fugiat et. Et modi sapiente et occaecati.','1979-11-25 07:17:12'),(182,197,197,'Doloribus distinctio qui impedit nobis. Et dolores quae ipsa consequatur.','2016-12-10 18:16:10'),(183,200,200,'Pariatur rerum quisquam rerum saepe aut in quis fugiat. Earum rerum rerum non molestias. Eum labore sit accusantium et est commodi sit quo.','1992-10-18 23:09:34'),(184,101,101,'Est distinctio voluptatum dolores animi. Est qui modi eum est unde quia. Iste quia vel suscipit modi laudantium quis. Consequuntur esse ut voluptatem odio sint.','1997-03-03 10:11:40'),(185,102,102,'Explicabo aliquam tenetur repellat repudiandae culpa. Consequatur non vero blanditiis iure. Ad dolor sit fuga excepturi.','2004-07-04 10:08:15'),(186,103,103,'Nostrum soluta aut ut qui a iste blanditiis. Tempora corporis amet magnam. Ut iure quis quod officia iure suscipit. Ut deserunt architecto ut ullam perferendis.','2016-06-04 07:49:56'),(187,104,104,'Voluptatem vitae dignissimos blanditiis aut. Dolorem et et molestiae nisi.','1976-11-01 00:09:00'),(188,105,105,'Aut iste similique et amet ea voluptas. Commodi eum error hic officia. Quis aut explicabo quisquam molestiae et nihil ex suscipit.','1991-08-07 14:14:04'),(189,107,107,'Iure enim ad aut rerum cum voluptas. Aut eum sit aut tempore. Autem quas rerum dolores debitis expedita rem. Deserunt nesciunt et ratione pariatur sit.','2017-02-04 11:47:19'),(190,108,108,'Voluptates eos ut nostrum aliquid voluptas similique. Molestias ipsum voluptas cupiditate. Est saepe quo aut reprehenderit ut.','2018-04-04 04:18:41'),(191,109,109,'Magnam illum sint quo qui sed molestias. Deserunt officia rerum ratione quia iste et et animi. Eos alias sed ut earum.','1970-02-19 10:44:28'),(192,110,110,'Et rerum tenetur eveniet amet quas aut omnis. Enim voluptas est facere rerum itaque error ratione. Illo occaecati ex culpa impedit commodi. Est quis fuga harum temporibus.','2012-07-18 08:12:43'),(193,111,111,'Ut iste non quis molestias nostrum eaque. Explicabo sunt quia molestiae veritatis. Itaque dignissimos aut consequatur eos autem et quia. Enim iusto delectus aliquam nostrum.','1970-05-08 21:27:32'),(194,112,112,'Accusamus reiciendis qui quo illo enim. Quasi sed corporis perferendis nam. Saepe aut velit consequatur sed delectus eveniet ratione quo.','2018-02-24 12:00:59'),(195,116,116,'Sed vero beatae dolorem quae quia at blanditiis repellendus. Autem soluta eum ex natus. Neque sed fuga aut accusantium velit iusto magnam.','1975-11-22 11:58:54'),(196,117,117,'Est quia est vel in sunt odit illo. Consequuntur omnis vel enim facere commodi soluta. Animi velit velit ab dolores autem eos.','2009-12-24 09:28:27'),(197,118,118,'Maxime consequatur magni velit quasi doloremque itaque ut. Ullam et est adipisci. Est similique rem ut ad. Non modi voluptatem nisi est.','1979-05-26 20:28:30'),(198,119,119,'Provident et reiciendis illum qui qui. Sequi dolorem qui nemo id corporis. Non iure sit ex facere saepe aspernatur itaque magni. Sequi illo debitis aut dolorum culpa.','2016-04-24 05:38:04'),(199,120,120,'Possimus et eum consequuntur qui facilis dolores. Odit illo cupiditate quos suscipit odio molestiae. Vel voluptates et iure nam a nulla. Id corrupti ullam est consequatur eum ex.','2006-02-27 04:00:56'),(200,124,124,'Nam possimus aut eos vitae nostrum impedit. Nesciunt animi tenetur ut placeat aliquid. Qui nesciunt vitae soluta laborum fugiat quidem aut. Quo autem eos corrupti harum.','1976-09-10 11:50:35'),(201,125,125,'Autem nemo ut voluptatem. Aut consequatur a consequuntur dolor quia velit. Quo recusandae itaque rerum velit aut.','2002-03-03 00:12:49'),(202,127,127,'Est nesciunt maiores vel ea et. Iusto consequatur voluptates perspiciatis aspernatur consequuntur natus. Voluptatum dicta quos rerum maxime incidunt.','1977-01-02 22:51:05'),(203,133,133,'Accusamus excepturi voluptas est id debitis. Optio non nisi est atque iure corporis temporibus.','2003-11-21 07:52:54'),(204,134,134,'Ratione architecto ipsam pariatur. Explicabo dolorem modi mollitia aliquid tempora id. Ut quisquam molestias veritatis magnam molestias dolorem recusandae.','1982-07-14 06:39:46'),(205,135,135,'Non quia voluptas beatae impedit illo qui aliquid. Eius consequatur voluptatem corporis. Reiciendis ut fuga quisquam corrupti aperiam quo rem.','2016-04-01 15:01:37'),(206,137,137,'Dolores delectus iure vero pariatur. Expedita maxime architecto mollitia omnis. Itaque et sapiente tempore eius sed mollitia. Aliquid voluptatum rerum tenetur.','2016-08-05 07:22:47'),(207,140,140,'Veniam quis quia voluptate numquam eum. Eum nihil dolor aspernatur eum. Numquam omnis quia autem voluptatem temporibus est omnis. Fugiat et nostrum enim consequuntur aliquid nihil.','1993-09-07 13:49:22'),(208,141,141,'Qui non commodi commodi error et recusandae est. Et repellat porro qui praesentium.\nUt eum quaerat laborum incidunt. Eos quam voluptatibus voluptatem excepturi cupiditate non error.','1985-06-21 14:19:24'),(209,142,142,'Eveniet id hic est numquam repudiandae. Eaque dolores officia et consequatur rerum atque iusto. Est expedita inventore possimus perferendis voluptatem ut.','2018-03-29 19:11:08'),(210,143,143,'Ullam est maiores rerum quia. Fugit sequi praesentium natus fugiat. Repellendus quas voluptas fugit voluptatibus fugit. Accusantium omnis incidunt exercitationem quia et.','1987-05-05 14:59:19'),(211,144,144,'Aut rem enim provident beatae aut. Tenetur et consequatur sit veritatis nihil. Omnis veritatis deleniti suscipit voluptate. Ut facilis ipsum et nobis ut tenetur aut.','1977-10-29 02:56:23'),(212,145,145,'Laudantium sapiente et molestiae eligendi rerum natus tempora. Molestias numquam iusto commodi molestiae. Non sit ratione enim dolore. Qui nisi autem perspiciatis quod dignissimos aut.','2014-09-02 12:23:56'),(213,146,146,'Velit laudantium repellat hic placeat accusantium. Eos iusto in nihil cumque beatae voluptas officia. Aut iusto eum voluptatem et saepe commodi. Ullam ducimus at ut.','2013-04-07 19:19:47'),(214,149,149,'Inventore necessitatibus nisi qui. Consequatur ea ut recusandae quidem neque. Quis assumenda autem sequi magni veniam accusamus dolorem facere.','1986-08-10 17:21:11'),(215,151,151,'Expedita dolorem occaecati tempore dolor. Voluptas voluptas nam rerum voluptas praesentium eveniet. Aut adipisci consequatur officiis earum.','2008-09-16 01:18:42'),(216,152,152,'Sit qui vel autem non voluptatem. Saepe ipsa maiores impedit ratione in. Tenetur illum beatae rerum sed. Nihil est sunt odit impedit amet nisi cupiditate.','1994-11-12 22:54:30'),(217,153,153,'Inventore quam debitis magnam autem velit ut. Maxime rerum atque et. Nisi quas ut consequatur molestiae. Illo vel doloremque quas.','1994-03-19 23:28:29'),(218,155,155,'A voluptatum voluptatem et non sequi veniam quidem. Officia nemo perspiciatis a mollitia hic eum. Itaque ex qui et voluptatibus. Quo rerum sapiente est in sed rerum.','1985-07-07 05:34:42'),(219,156,156,'Aspernatur qui molestiae dolor sed iusto. Eaque occaecati velit ut voluptatem labore. Omnis commodi optio distinctio et dolorum est.','1989-07-27 02:51:04'),(220,157,157,'Voluptates explicabo quidem maxime mollitia rerum autem. Aut eum ut ipsum non exercitationem. Accusamus itaque quaerat quia ab.','1973-06-27 15:09:00'),(221,158,158,'Harum dolorem et quo reiciendis. Repudiandae nesciunt doloribus ut et incidunt exercitationem. Dolore et ut nesciunt voluptate repellendus vero. Et voluptatem officia qui.','1987-08-28 02:33:45'),(222,160,160,'Quia quia molestiae accusamus. Omnis facere consequatur quia consequatur. Porro amet accusamus tempore voluptatibus earum dolor et consectetur. Sint illo non atque.','1976-12-28 22:43:01'),(223,161,161,'Cumque libero id sed qui. Ipsam harum id eius est dolore soluta saepe. Reprehenderit doloremque et nihil incidunt.','1999-03-27 03:23:12'),(224,162,162,'Quas error libero quia non minima. Ut eaque inventore incidunt voluptates eum pariatur excepturi. Iste autem nemo sequi qui.','2006-01-15 13:24:24'),(225,165,165,'Ratione excepturi nulla adipisci nostrum blanditiis. Corrupti sed est non est exercitationem corrupti expedita. Hic id alias excepturi delectus facere.','1989-01-31 02:29:25'),(226,169,169,'Quia exercitationem distinctio non in ab distinctio. Nam porro asperiores earum. Incidunt maiores velit consequatur rerum earum consequuntur omnis. Vero quis explicabo voluptas occaecati.','1976-06-29 03:28:43'),(227,170,170,'Omnis expedita corrupti qui ad. Incidunt assumenda omnis alias ad eum. Illo explicabo soluta quaerat necessitatibus quo et. Velit voluptas consequatur voluptatem eaque in dolor omnis.','2004-05-15 03:34:19'),(228,171,171,'Assumenda rem soluta officiis amet facilis blanditiis. Tenetur eum rem et porro atque vel aspernatur. Voluptatem doloribus qui itaque eos. Porro cupiditate vitae cupiditate enim.','2000-03-22 04:07:45'),(229,173,173,'Omnis nisi aut modi excepturi corrupti. Officia officia nesciunt molestiae et nobis repudiandae quod. Et quasi animi ut sed reprehenderit tempora odit corporis.','1971-09-08 13:15:48'),(230,176,176,'Error sequi ipsa exercitationem. Dolore quasi ut atque qui rerum. Alias tenetur quis dolor. Vitae unde aut provident beatae.','1974-08-04 14:05:58'),(231,177,177,'Quo est mollitia quam fuga qui quam aut. Cum quo tenetur labore omnis. Natus facere rerum facilis deleniti. Suscipit magni sed ipsa ab eos quas quod.','1999-04-12 20:27:58'),(232,179,179,'Voluptatem et qui a ducimus necessitatibus et blanditiis. Velit voluptatem qui minus inventore quod. Quia nam id ut explicabo sed. Non velit perferendis vitae esse et.','1995-08-03 07:04:22'),(233,180,180,'Sint repellendus consequuntur qui veritatis. Nihil odio ut quia quo quia non impedit. Id cum eum qui sunt. Recusandae occaecati aut a impedit nihil.','1989-02-21 22:12:08'),(234,182,182,'Provident minima voluptatum sed praesentium voluptatem. Ullam maiores dolor eius sint voluptatem numquam animi.','2009-09-16 15:08:51'),(235,183,183,'Earum odit aut corporis repudiandae aut sit maxime in. Rerum dolorem id ducimus aperiam quae mollitia dolor. Quo dolor illum nesciunt voluptates. Laborum quis dignissimos consequatur.','1980-07-10 02:32:50'),(236,184,184,'Eius commodi consequatur illo dolorem voluptatem quia quis. Ut fugit odio nostrum. Hic est facilis commodi et. Sed corporis quasi consequatur consequatur laudantium sequi perspiciatis.','2013-07-19 18:03:23'),(237,185,185,'Corporis quaerat velit eos in recusandae quidem. Consequuntur ea qui odit nisi. Omnis possimus qui qui. Ipsum sunt suscipit asperiores aut occaecati.','1975-05-21 12:44:17'),(238,186,186,'Et nulla accusantium officia rem. Quam qui ut odit alias ut aspernatur minus. Possimus et ea doloremque non animi corrupti culpa ea.','2010-07-14 06:52:50'),(239,188,188,'Dolore porro animi labore et libero consequatur asperiores et. Alias quia architecto sapiente. Ea qui a reiciendis libero corporis illo. Eius aut beatae rerum eaque vitae.','1975-05-23 00:27:53'),(240,190,190,'Placeat est cupiditate deleniti sequi sint fugiat facilis dicta. Et voluptatum qui ullam ducimus est. Vitae sunt ut explicabo minus ipsa voluptas eaque non.','1970-10-19 07:17:34'),(241,191,191,'Sit voluptatem sit ut tempore incidunt dolorem. Soluta facere velit quia alias et ut. Molestiae mollitia qui exercitationem sint non. Qui iusto quasi sed.','1981-01-19 19:08:55'),(242,195,195,'Aperiam laborum inventore non ipsa. Qui vitae voluptatem exercitationem omnis. Commodi ratione facere voluptatum dolores possimus. Repellat illo fuga aut placeat ut.','2011-07-04 23:32:09'),(243,197,197,'Porro voluptatem eveniet qui. Ea nesciunt voluptas in amet quis. Quo sed nobis architecto quae nisi vitae. Qui aut sunt sit explicabo minima quia aut.','1984-10-12 14:47:40'),(244,200,200,'Corporis quod aliquam ratione blanditiis delectus aliquam aut. Aut vitae incidunt et nam dolor. Dolores doloremque omnis quaerat ab aut corporis velit dolor.','1990-12-31 11:26:22'),(245,101,101,'Molestiae dolores aliquam omnis velit. Velit quis voluptatem nemo consequatur soluta voluptas velit officia.','2000-09-08 10:32:18'),(246,102,102,'Velit eveniet minus suscipit magnam. Pariatur officia quam et non. Et esse sequi dicta. Mollitia odio maiores reiciendis.','1976-04-17 19:26:53'),(247,103,103,'Explicabo nostrum quia asperiores repellat veniam. Et nulla magnam quia quo quis. Quos optio nihil ab aut maiores vitae.','1980-04-23 04:13:55'),(248,104,104,'Nemo aut sint iste adipisci in quas dolore. Ut ut consectetur provident nobis voluptatibus rerum illum fuga. Blanditiis maiores corporis magni et natus eos vero.','1973-07-04 05:12:08'),(249,105,105,'Aut ut sed molestiae eveniet porro. Sit consequatur impedit et aliquam placeat nam autem est. Vel quam corporis eius velit laudantium reiciendis. Harum amet aut molestiae nesciunt voluptas qui.','1984-03-09 03:57:00'),(250,107,107,'Sunt et maxime aliquam. Natus et consequuntur rerum consequuntur. Et soluta tenetur sunt id. Rerum et iure amet dicta non beatae.','1978-02-04 10:38:10'),(251,108,108,'Reiciendis omnis assumenda voluptatem. Ut est eum architecto. Suscipit inventore atque occaecati eum aliquid.\nLaudantium nulla ad aut. Error ut laborum veniam repellat beatae est. Est sunt nemo sit.','2000-12-05 19:34:31'),(252,109,109,'Doloribus enim dolore vitae. Incidunt rerum alias incidunt iusto temporibus veniam totam.\nDolores nostrum rerum magnam eum ducimus architecto. Velit et error quia odit.','1987-03-15 19:55:16'),(253,110,110,'Porro in quis quia sed odit. Accusamus dolorum odit voluptas similique. Vero nobis ipsum sequi illum vel sunt. Tempora fugiat id facilis eveniet eligendi.','2005-03-09 19:53:55'),(254,111,111,'Dolore totam esse sint sed est repudiandae veritatis. Blanditiis ut culpa maxime minus ipsa.','1996-08-10 17:30:36'),(255,112,112,'Doloribus perspiciatis sit quis. Mollitia quia iure omnis. Nostrum natus omnis quis debitis sit. Et cupiditate amet cum occaecati sit omnis nobis.','1996-11-08 03:18:02'),(256,116,116,'Est et tempora ipsum aut odio quae. Omnis velit expedita ipsum. Iure et est quis non nulla sequi est. Est ut facilis modi molestiae vel adipisci.','2017-10-04 03:24:18'),(257,117,117,'Occaecati architecto nam error laboriosam quia iste ex minima. Vitae vitae modi eum quod. In fugit saepe est neque aut quia est.','1980-12-29 08:31:11'),(258,118,118,'Aspernatur doloremque maiores modi atque. Maiores reprehenderit aut et aut dolor non rerum. Et modi et velit aut voluptatum rerum. In voluptas odit illo sequi non et reprehenderit.','2013-01-15 22:53:48'),(259,119,119,'Nihil enim nam qui numquam sit molestias consequatur ut. Est ea occaecati dicta cum tempore. Officia aliquam labore cum totam ratione voluptatem nam sunt.','1983-04-17 17:28:55'),(260,120,120,'Suscipit incidunt ut non et in qui beatae. Possimus doloribus doloribus maxime saepe maxime. Voluptatem id ex quia animi magni. Aut modi earum maxime temporibus quia architecto dolor.','1971-03-13 14:42:15'),(261,124,124,'Atque provident est nam necessitatibus. Cum asperiores ab in.','1972-07-24 18:52:27'),(262,125,125,'Est pariatur rem qui quis magnam atque. Facere ratione consectetur nostrum. Natus quo saepe officia enim et quia dignissimos voluptatem.','2012-08-02 11:41:39'),(263,127,127,'Reprehenderit labore omnis aut harum. Officia quis itaque inventore harum et est ab. Assumenda ut natus officiis corrupti iure ullam.','2000-10-25 21:40:59'),(264,133,133,'Modi iste facilis ut non qui. Ad rerum nihil voluptate cupiditate. Necessitatibus consequatur rerum est velit quo sed.','1989-05-13 23:16:31'),(265,134,134,'Odio corrupti ad aut debitis. Modi unde officia deserunt non eveniet esse iusto maiores. Earum sint odio eos sed ea. Facere dolorum sit mollitia corrupti earum qui est possimus.','1994-12-24 02:37:46'),(266,135,135,'Suscipit ea maxime quia tempore dolores placeat et. Qui quia omnis numquam qui voluptas et ratione quo. Quia corporis odit dolorum veritatis.','1996-12-20 01:22:23'),(267,137,137,'Dolores voluptas suscipit ut omnis dolor placeat est quo. Qui aut qui quibusdam nihil eveniet suscipit officiis.','2003-06-05 20:04:19'),(268,140,140,'Voluptas explicabo ea atque. Voluptates molestias fuga assumenda maiores saepe voluptas. Pariatur consequatur deserunt enim dolore.','1992-04-22 17:36:31'),(269,141,141,'Nihil quia fugit at animi. Explicabo possimus non non aut dolor rerum. Nulla laboriosam dolore et temporibus recusandae. Pariatur et enim qui voluptas odio sequi.','1989-09-22 11:13:26'),(270,142,142,'Eaque sint aliquid sit voluptas sunt. Nemo sed illum assumenda earum. In delectus neque alias ut distinctio quo molestiae. Ut consequatur rerum hic id.','2008-03-21 16:55:30'),(271,143,143,'Ea debitis sit in. Ipsa nisi fugiat laborum et odio molestiae voluptas. Ad dolores laudantium qui porro eum repellendus repellat.','2019-08-16 15:29:21'),(272,144,144,'Nemo velit eos ratione expedita. Doloremque nisi ipsam possimus dignissimos ipsam vero et. Ullam et sapiente optio dolorem quia id neque. Quisquam suscipit est odit ut ut ut distinctio nihil.','1991-05-03 10:23:15'),(273,145,145,'Est et consequatur veniam soluta. Dignissimos est dolores vitae voluptatem libero quibusdam. Tenetur maxime id consectetur reiciendis.','2005-09-23 05:18:22'),(274,146,146,'Ad nobis id qui ipsa. Earum voluptatem sit ad est aliquid. Aut impedit et qui quisquam in enim nam. Laudantium repellat ut sunt autem fugit.','2015-03-26 20:14:07'),(275,149,149,'Voluptatem fugiat quis rerum sunt occaecati. Delectus veritatis vel in dolore aut voluptates voluptatum.','1995-04-12 19:23:09'),(276,151,151,'Fugiat voluptatem quibusdam dolores. Excepturi neque voluptas ut nihil autem. Non iure omnis aliquid mollitia. Nobis quo corporis ipsa laudantium.','1987-12-19 23:44:11'),(277,152,152,'Dolores dolore nemo natus ratione. Qui facere qui sit dolorum maxime et.','2016-09-18 20:52:29'),(278,153,153,'Voluptatem est ducimus sed consequatur cumque minus doloribus dignissimos. Soluta iure consequatur ullam expedita. Soluta voluptatem recusandae officia aut ut minus sed.','1971-12-20 04:39:06'),(279,155,155,'Repudiandae vitae atque ducimus dolorem dolorem quia eos. Et aut sit ea recusandae quia ullam.','2019-05-21 00:10:54'),(280,156,156,'Enim ipsum optio neque in sed cum voluptate amet. Qui nostrum dolorem numquam qui qui necessitatibus aliquid. Non aliquam recusandae similique hic dolores quo minima.','1993-02-17 14:12:58'),(281,157,157,'Doloribus ex excepturi quaerat aut quo. Reiciendis et nihil ut est. Provident velit repellendus labore ipsam blanditiis reprehenderit. Temporibus quos aut ipsa vitae ea deserunt.','1987-07-04 23:20:41'),(282,158,158,'Et quisquam cumque et sint impedit incidunt corrupti voluptate. Magnam dolorum doloremque vel aut aut laboriosam. Dolorem dicta sequi doloremque excepturi voluptatem provident.','1980-05-13 19:51:34'),(283,160,160,'Vitae expedita dolores quam quis incidunt. Ullam alias sint corporis sed est eos et nihil. Maxime totam quae voluptatem rerum eius quia. Quia praesentium saepe ullam numquam corrupti.','1995-12-03 23:17:44'),(284,161,161,'Dolor consectetur eius molestias ipsum et dolor nisi incidunt. Eius commodi iusto architecto placeat. Sit maiores autem non eligendi qui quibusdam et.','1976-05-27 11:54:41'),(285,162,162,'Illo similique esse laboriosam esse. Ab possimus debitis totam totam cumque in. Porro dolor veniam expedita incidunt ipsam at accusantium optio.','1979-02-01 05:56:02'),(286,165,165,'Iure velit ipsum explicabo est suscipit aperiam tempora porro. Eos assumenda enim distinctio ab expedita autem. Dolores quis at architecto ut. Incidunt sed similique qui consequatur.','2019-08-19 19:41:56'),(287,169,169,'Rerum qui nemo modi quo iure unde voluptate esse. Ab laudantium illo est dolor reiciendis voluptas. Nesciunt quidem consequuntur aut et porro nesciunt. Sint doloremque quisquam dolores error.','1994-07-13 08:50:28'),(288,170,170,'Sequi sint omnis alias saepe earum. Et sapiente alias aut exercitationem. Dolores expedita iste non officiis. Aperiam non doloribus saepe temporibus blanditiis architecto.','2005-12-13 20:14:54'),(289,171,171,'Dignissimos dignissimos sunt corporis ullam magni natus distinctio. Reprehenderit alias officiis reiciendis laudantium sunt eveniet. Temporibus qui omnis laborum provident aut ratione.','1991-04-16 04:24:35'),(290,173,173,'Officia et ipsam sint doloremque. Expedita doloremque provident sunt soluta. Debitis harum cupiditate dolores tenetur eum non.','1982-06-23 13:15:44'),(291,176,176,'Suscipit vero officia accusamus est sed alias et nobis. Id neque omnis laborum numquam voluptas. Aliquam et rerum beatae. Possimus autem quis quam accusamus nam et.','2018-10-12 23:21:13'),(292,177,177,'Sint numquam esse tempora eos. Libero magni commodi iste voluptatem id. Deserunt ex rerum ratione.','1976-04-03 08:52:30'),(293,179,179,'Repudiandae aut maxime expedita facere modi autem aut consequatur. Fugiat molestiae sit asperiores. Assumenda id consequatur minima est harum consequatur.','2010-01-26 13:04:05'),(294,180,180,'Aliquam modi doloremque expedita rem suscipit eos ex. Vitae sed repellat eum amet. Ducimus vel fuga totam sed occaecati deleniti aperiam et.','1992-08-31 14:20:57'),(295,182,182,'Ad aut accusamus ipsum aut. Est facere corrupti voluptatum sapiente incidunt sed eius. Et iusto commodi eum reiciendis molestiae. Animi rerum et esse numquam qui sunt.','1984-04-14 06:34:26'),(296,183,183,'Unde nihil aut blanditiis ullam. Est eum minus nesciunt voluptas.','1987-12-15 21:47:18'),(297,184,184,'Illo illum aut incidunt quis ab consequatur enim. Ullam consequatur mollitia nulla. Quod aut iure voluptatem facere voluptate.','1988-05-16 22:09:41'),(298,185,185,'Optio omnis id alias quam aperiam ipsa nulla debitis. Ex assumenda quidem illo magnam autem et quod. Delectus illo ducimus laudantium dolorem omnis. Amet beatae voluptate sequi expedita aut.','1988-10-28 08:01:00'),(299,186,186,'Voluptatem et tenetur beatae quos non fuga quia. Aperiam nobis optio et consequatur. Quis occaecati facilis vel aperiam sit. Adipisci delectus culpa dolore rem veniam provident tenetur non.','1994-09-18 10:03:14'),(300,188,188,'Expedita corrupti reprehenderit velit vero beatae. Eligendi repellendus ea iure itaque provident. Fugiat sit molestiae incidunt quidem molestiae tempora.','1990-06-09 07:40:39');
/*!40000 ALTER TABLE `messages` ENABLE KEYS */;
UNLOCK TABLES;

--
-- Table structure for table `photo_albums`
--

DROP TABLE IF EXISTS `photo_albums`;
/*!40101 SET @saved_cs_client     = @@character_set_client */;
/*!50503 SET character_set_client = utf8mb4 */;
CREATE TABLE `photo_albums` (
  `id` int NOT NULL AUTO_INCREMENT,
  `name` varchar(245) NOT NULL,
  `decs` text,
  `user_id` int NOT NULL,
  PRIMARY KEY (`id`)
) ENGINE=InnoDB DEFAULT CHARSET=utf8mb4 COLLATE=utf8mb4_0900_ai_ci;
/*!40101 SET character_set_client = @saved_cs_client */;

--
-- Dumping data for table `photo_albums`
--

LOCK TABLES `photo_albums` WRITE;
/*!40000 ALTER TABLE `photo_albums` DISABLE KEYS */;
/*!40000 ALTER TABLE `photo_albums` ENABLE KEYS */;
UNLOCK TABLES;

--
-- Table structure for table `photos`
--

DROP TABLE IF EXISTS `photos`;
/*!40101 SET @saved_cs_client     = @@character_set_client */;
/*!50503 SET character_set_client = utf8mb4 */;
CREATE TABLE `photos` (
  `id` int NOT NULL,
  `album_id` int NOT NULL,
  `media_id` int NOT NULL,
  PRIMARY KEY (`id`)
) ENGINE=InnoDB DEFAULT CHARSET=utf8mb4 COLLATE=utf8mb4_0900_ai_ci;
/*!40101 SET character_set_client = @saved_cs_client */;

--
-- Dumping data for table `photos`
--

LOCK TABLES `photos` WRITE;
/*!40000 ALTER TABLE `photos` DISABLE KEYS */;
/*!40000 ALTER TABLE `photos` ENABLE KEYS */;
UNLOCK TABLES;

--
-- Table structure for table `profiles`
--

DROP TABLE IF EXISTS `profiles`;
/*!40101 SET @saved_cs_client     = @@character_set_client */;
/*!50503 SET character_set_client = utf8mb4 */;
CREATE TABLE `profiles` (
  `users_id` int NOT NULL,
  `gender` enum('m','f','x') NOT NULL,
  `birthday` date NOT NULL,
  `location` varchar(245) DEFAULT NULL,
  `created_at` datetime NOT NULL DEFAULT CURRENT_TIMESTAMP,
  PRIMARY KEY (`users_id`),
  KEY `fk_profiles_users_idx` (`users_id`)
) ENGINE=InnoDB DEFAULT CHARSET=utf8mb4 COLLATE=utf8mb4_0900_ai_ci;
/*!40101 SET character_set_client = @saved_cs_client */;

--
-- Dumping data for table `profiles`
--

LOCK TABLES `profiles` WRITE;
/*!40000 ALTER TABLE `profiles` DISABLE KEYS */;
INSERT INTO `profiles` VALUES (101,'x','2008-08-13','3072 Micheal Meadows Apt. 580\nSchinnerborough, NE 77803','1994-09-13 03:41:12'),(102,'m','1998-05-02','9547 Windler Village\nGorczanyton, CA 45886-6429','2000-10-31 06:05:32'),(103,'x','2010-05-08','154 Harvey Junctions\nNakiamouth, IA 19425','1980-07-10 07:28:12'),(104,'f','1982-01-16','06225 Jones Pass Suite 683\nLaronburgh, OR 80504-5025','2010-02-12 19:28:45'),(105,'x','2018-08-18','59979 Alek Drives Apt. 494\nGerholdstad, CA 24191-1150','1971-12-21 08:52:07'),(107,'f','1998-04-15','331 Renner Inlet\nLake Noel, TX 65506','1973-10-27 17:46:22'),(108,'m','2002-11-02','11289 Steuber Lakes\nLabadiechester, DC 59886-6361','2002-03-06 06:48:53'),(109,'x','2020-04-22','744 Kris Canyon Apt. 397\nLake Orlochester, AZ 53054','1998-01-12 12:59:59'),(110,'x','1978-08-26','662 Robel Spring\nNew Keara, RI 92845','2001-10-01 04:43:53'),(111,'x','2012-11-08','000 Rippin Bridge Apt. 489\nWest Antwonmouth, DC 31460','1989-01-31 01:38:18'),(112,'f','1986-01-11','4012 Marquardt Forks Suite 153\nWest Guiseppeton, NE 10129-0066','1991-05-18 17:29:25'),(116,'f','1982-01-04','7717 Arnulfo Corner\nHermannhaven, FL 08561-2536','2006-01-18 02:16:39'),(117,'x','2004-11-07','5288 Bahringer Forges Suite 791\nHintzmouth, NY 34241-5833','2020-05-21 12:30:15'),(118,'x','1976-07-03','727 Abigale Overpass Apt. 127\nBlairmouth, KS 32324','1994-03-19 13:23:41'),(119,'f','1995-12-19','29863 Mitchell Orchard\nNorth Jillian, PA 45584-9453','2011-03-15 09:18:22'),(120,'x','1972-11-15','68875 Titus Rest\nWeimannfurt, CA 20209','2009-09-28 10:37:59'),(124,'x','2003-10-25','669 Mosciski Village\nHillardmouth, SC 40276-9316','1989-02-25 08:56:22'),(125,'f','1990-08-26','456 Floy Forges\nLake Esta, NV 98749-2682','1975-09-20 23:55:40'),(127,'x','1996-09-05','6238 Dicki Trace Suite 161\nNorth Theresia, TX 21846-1701','2003-03-03 21:56:32'),(133,'x','1995-04-03','969 Windler Plains Apt. 697\nNorvalport, SC 04095','2002-10-04 01:09:11'),(134,'m','1994-04-30','81812 Esther Harbors\nSouth Otiliashire, MS 28338-4757','1994-06-03 23:48:54'),(135,'x','1987-06-25','39414 Saul Hollow Suite 062\nWest Cordie, KS 80917-4551','2017-09-03 03:17:10'),(137,'f','1976-05-14','388 Shana Shore Apt. 179\nNorth Bert, NV 77234','2018-04-27 23:39:41'),(140,'m','1975-08-20','2128 Hugh Lake Suite 808\nWest Ramonborough, NJ 34555-3404','1991-04-07 11:08:32'),(141,'m','1980-09-15','9660 Hermiston Course\nArnaldoberg, IN 90416','2014-10-13 21:45:28'),(142,'m','1974-01-14','058 Aufderhar Rapid\nSouth Quentin, HI 77433-8062','1999-06-17 03:37:34'),(143,'f','1973-05-07','8131 Brady Squares\nElroyfurt, CO 96463','1986-06-05 20:41:44'),(144,'m','2008-11-30','4564 Pinkie Ways\nSouth Brandyville, OR 45169','1998-08-14 03:29:30'),(145,'x','2013-12-28','26514 Schmidt Highway\nMyrticebury, WV 80134-6237','1999-09-19 12:19:16'),(146,'f','1986-01-05','8957 Norris Haven Apt. 381\nGerlachton, ID 50141-6727','1973-05-07 07:40:25'),(149,'x','1979-02-14','3127 Lurline Square\nMariomouth, CA 28070-0150','2020-02-20 20:10:23'),(151,'x','1978-06-11','3089 Terrance Orchard Suite 796\nPort Domenicton, ME 76905-3006','1987-05-04 19:03:45'),(152,'m','2009-06-04','965 Boyle Falls Suite 720\nFeeneychester, ID 26919-9547','2004-05-09 10:53:11'),(153,'m','2009-11-20','3482 Hartmann Square\nKoelpinstad, CT 14555','1993-07-30 03:49:01'),(155,'m','2017-04-27','87440 Parisian Track\nHicklechester, AZ 00128-3255','1979-05-18 06:07:02'),(156,'x','2005-07-04','2124 Sipes Way Apt. 705\nSouth Elenor, MS 30988','2005-03-01 04:52:04'),(157,'m','2001-06-19','26412 Hermiston Prairie Apt. 677\nGreenmouth, NE 10444-2214','1984-06-04 16:24:58'),(158,'x','2002-03-04','6953 Margret Mountains Suite 237\nDenesikside, MT 08749-7560','1976-07-30 05:20:24'),(160,'x','2012-12-04','539 Chyna Mills Suite 917\nPort Kenyatta, TN 04131','2019-12-26 02:21:22'),(161,'x','2008-11-15','7277 Vernon Oval Suite 803\nHaagmouth, NM 62290-1209','1977-11-06 13:30:02'),(162,'x','2018-12-14','35980 Bergnaum Highway Apt. 417\nPort Alliefort, KY 55714','1993-12-09 23:10:08'),(165,'f','1972-07-24','24919 Boyle Plaza\nO\'Reillychester, TN 61569-8251','2018-06-23 15:16:05'),(169,'f','1979-12-26','349 Kathryne Haven\nSouth Mackview, WI 98551-8883','2012-04-02 04:03:54'),(170,'x','1976-02-27','125 Abernathy Bridge Suite 282\nRobbietown, MI 34528-2446','2000-03-06 11:08:25'),(171,'f','1990-07-29','941 Joelle Track Apt. 318\nEast Aliciafort, OH 17109','1996-12-15 03:56:53'),(173,'f','1983-03-18','359 Stark Canyon\nEast Hassie, IL 14007-7112','1983-09-02 01:11:01'),(176,'x','2016-01-17','02855 Carlee Terrace\nNew Eladio, OK 52211','1983-05-25 23:51:33'),(177,'f','1990-07-07','02507 Virgie Estates\nEast Vitomouth, WV 71562','1976-07-16 02:56:46'),(179,'f','1996-09-04','803 Jerde Fall Suite 742\nKamillemouth, HI 47288','2012-06-06 11:39:00'),(180,'f','1991-01-13','531 Bernier Summit Apt. 470\nWest Laurynville, OK 60614','2001-09-02 19:03:00'),(182,'x','1985-12-04','18881 Legros Mill\nEast Meagan, FL 97510','2011-08-16 01:44:56'),(183,'x','1998-10-01','34431 Fay Gateway\nNew Ashlynnchester, HI 56807','1973-10-15 22:45:15'),(184,'m','1992-03-01','78881 Cartwright Glen\nChelseyfort, ND 85685','1974-01-09 10:20:01'),(185,'x','1987-05-16','8269 Francesco Port Apt. 963\nBergnaumton, TN 17974-0332','2015-05-14 11:21:46'),(186,'m','2008-05-23','27847 Maribel Plains Suite 890\nAutumnland, SD 64307','1975-08-14 18:34:38'),(188,'m','1980-09-25','7086 Bridie Spurs Suite 198\nRowemouth, OH 00610-4752','1995-04-19 16:53:44'),(190,'f','2012-11-27','8733 Lueilwitz Ford\nJerroldside, IN 35480-1902','1989-03-30 07:26:49'),(191,'x','1970-01-26','40124 Buckridge Islands\nCollierstad, PA 35817-3362','2007-03-01 09:24:43'),(195,'m','2018-03-18','75865 Gertrude Cape\nKelsiefurt, IL 02931-2986','2010-01-09 01:40:49'),(197,'x','1985-01-14','153 Gerhold Meadow\nKacieshire, WV 17783','1974-01-27 08:36:20'),(200,'f','2002-11-13','67171 Champlin Rapids Apt. 778\nRosinaland, IA 22829','2013-11-24 16:03:11');
/*!40000 ALTER TABLE `profiles` ENABLE KEYS */;
UNLOCK TABLES;

--
-- Table structure for table `users`
--

DROP TABLE IF EXISTS `users`;
/*!40101 SET @saved_cs_client     = @@character_set_client */;
/*!50503 SET character_set_client = utf8mb4 */;
CREATE TABLE `users` (
  `id` int NOT NULL AUTO_INCREMENT,
  `firstname` varchar(245) NOT NULL COMMENT 'имя',
  `lastname` varchar(245) NOT NULL COMMENT 'фамилия',
  `email` varchar(245) NOT NULL,
  `phone` bigint NOT NULL COMMENT 'телефон',
  `password_hash` char(64) NOT NULL,
  PRIMARY KEY (`id`),
  UNIQUE KEY `email_UNIQUE` (`email`),
  UNIQUE KEY `phone_UNIQUE` (`phone`),
  KEY `firstname_lastname_idx` (`lastname`,`firstname`)
) ENGINE=InnoDB AUTO_INCREMENT=201 DEFAULT CHARSET=utf8mb4 COLLATE=utf8mb4_0900_ai_ci COMMENT='пользователи';
/*!40101 SET character_set_client = @saved_cs_client */;

--
-- Dumping data for table `users`
--

LOCK TABLES `users` WRITE;
/*!40000 ALTER TABLE `users` DISABLE KEYS */;
INSERT INTO `users` VALUES (101,'Aniyah','Heller','verlie.wuckert@example.org',4037409100,'447956219211d8ecd32b5545a88e7d927ebf45c2'),(102,'Lucio','Lemke','pgleason@example.org',1,'4f1c952d7ac01000edaa459c89b148b9b5d7f23a'),(103,'Adonis','Klocko','madison.kshlerin@example.net',7,'1e9040917133e6b32e4864823d8aea6f2b99907b'),(104,'Elmo','Bergnaum','flavie65@example.org',566545,'92ca453579727387ed3d5100e76083020eb3505f'),(105,'Alan','Rosenbaum','jaden.hoppe@example.org',634,'67796f826518dc2369a6850aa22969710f5f5647'),(107,'Eryn','Collier','bbogan@example.com',574,'ab9676d2b4964aaea189ec4b9d88791f557b4cba'),(108,'Kameron','Hand','mckenzie.kellen@example.net',194,'290ec3cbca0bfc2950442174b9cb68f7ff86ae18'),(109,'Garth','Walker','dgreenholt@example.org',2801023534,'8aa006df453275aad463e1598d96057ba2feb768'),(110,'Vernie','Klein','joesph.cummerata@example.com',425945,'d37d70e27e2466f533802b267c806a51d2fbb456'),(111,'Giovanny','Lindgren','loyal31@example.com',979,'88cf405e7fcd09c6a944465b4388e82038388014'),(112,'Abby','Erdman','kelli67@example.org',0,'bfd056e1eeaabc0a480784fe99a36c545475e226'),(116,'Ebony','Vandervort','qquitzon@example.com',18192,'9550d8d0f0923e045fd5c5b7e3a288f95ac2407b'),(117,'Kadin','Will','daugherty.stacey@example.com',198115,'6aaf07be982965ac3c847e8effa664cb232482b3'),(118,'Domenico','Reichert','leannon.sebastian@example.net',592130,'c7093b294800c9b2bbb8a7d2a52940d0ba9ede90'),(119,'Kyler','Leannon','cmonahan@example.org',616,'016ecfa283422706fda8f7f8d2115ae7807f8f20'),(120,'Kiara','Wiza','nauer@example.net',740143,'83ac8573c8168057ca6a06f8ba4531287954ae0c'),(124,'Miller','Kuphal','darwin04@example.com',872749,'f70f74dbcbf3b6374bf2cabf62e0dacd12bffa20'),(125,'Woodrow','Halvorson','monahan.colt@example.org',6141,'bd615c2c8b301c3768eaf3c8b4933f001594075e'),(127,'Alayna','Walsh','hickle.barry@example.org',170696,'e3556555192d564a59f24670fcee8b567555e327'),(133,'Frankie','King','beth23@example.com',77,'ad6598b86560091788250294aac48df1bda81183'),(134,'Megane','Gusikowski','marguerite.hills@example.org',330,'e62f2fc6dff8f14c699a5f6a22e3b15dd2824bb1'),(135,'Oceane','Satterfield','stoltenberg.sonny@example.net',665,'d444272eeae670f39fa60954f5206dd0dd837a90'),(137,'Cecelia','Emard','jordane30@example.org',848,'9ac7c3d01e85f67dd0bb48647d1de4d28572ae40'),(140,'Ila','Ryan','letha74@example.com',54,'40e80a153bd2dec92023eda9a86bc588bf52e34b'),(141,'Eleanora','Hammes','goldner.kyla@example.com',453,'3fe2a9484afe4d8e46b6f84429ad2fe1e5b40b70'),(142,'Bertrand','Pacocha','collins.murl@example.net',190165,'50d973624748d22acc35f8f22f8037ef69d975bf'),(143,'Odie','Daniel','sylvan.morissette@example.com',6290141171,'fa4b1590fe5a3153e1f9f12a2d2be6c0ea46e82a'),(144,'Kasandra','Medhurst','americo.mraz@example.org',898893,'855de55675e34940f8e8d0d6a50b824b656d4eb2'),(145,'Isom','Mitchell','magdalena.kessler@example.net',310204,'64272de2004b6f39012fd1751f054983172f9f1a'),(146,'Nicklaus','Gulgowski','zulauf.stan@example.com',941,'e1b64017231132c7b7afd2edfe81af318a129c63'),(149,'Gilbert','Abbott','ko\'kon@example.org',673963,'c19f5d4a24326bd4fc9b64f5d73833c526baf99f'),(151,'Katharina','Gleichner','ulises81@example.net',984789,'0f056886197261f5c679431ddcbd30eb1f4cd761'),(152,'Princess','Tromp','jhilpert@example.net',1386791793,'b2997f28e2642bafe463b93a5f756947825928af'),(153,'Nella','Dietrich','dare.kenyatta@example.net',302,'863a9816ba37b81a8d3d832d8ec881370f3623bd'),(155,'Everardo','Grimes','thomas.murazik@example.com',355799,'0f2aac0ec67c8621c3ff28162137e03d04156b24'),(156,'Isaac','Medhurst','iswaniawski@example.org',507069,'37d7f5c85385b7492c3aa48c585a804c42a531bb'),(157,'Estel','Heaney','greta.abernathy@example.com',455449,'2d58026d923c1408d13cbdca4424cda07f52c141'),(158,'Rashawn','Schmidt','legros.alexis@example.net',10,'9cf540824b0e23a21c8d03d96198fcecce252675'),(160,'Jocelyn','O\'Reilly','upton.vincenza@example.org',2706777058,'c907ab22512cbadaf733d07b2fe709acd0f8088c'),(161,'Leonora','Smitham','anais88@example.org',786,'09802b5f95456a040142204b00074a3f67c0c408'),(162,'Rickie','Mueller','tiana.rowe@example.org',805402,'22170aaa9e6ceee09c7aee5a133d34dc283fca5f'),(165,'Katelin','Hilpert','monserrat.cartwright@example.net',160893,'587cd2645315659fc32dfb4cc41a063c9f8e221a'),(169,'Ethel','Keeling','dino50@example.net',260,'d2aa39fac1c950a1bcb6c14c8c43620fa59ef1fd'),(170,'Silas','Gibson','timothy.stanton@example.net',64,'ad261cedf4d3d8fe3088e635b9ddfe7f41f00de0'),(171,'Buford','Legros','heathcote.jimmy@example.com',99843,'dba829fde8bbc94acdfe51505ea634e4d7fe5f6a'),(173,'Wava','Stroman','mclaughlin.naomi@example.org',97,'82305faaa7c112286f3449b1d230cce769febb84'),(176,'Rhianna','Bernier','ratke.lloyd@example.com',300710,'ea47b1197c334116900cf6a1efb118e4ec0c73e9'),(177,'Dane','Schmitt','wolf.fae@example.net',769,'189e0e72fe01ee282517e9496d64f3adf8cd3b37'),(179,'Lessie','Carter','yhoeger@example.com',219590,'ce9152317c481f7db47c16b5b38510ec083c3100'),(180,'Cooper','Farrell','heber25@example.net',315,'12f25f1c8ed885c07fc989c19db5748b455695ed'),(182,'Jonas','Parker','walton.kovacek@example.com',731900,'cf1a68aaf89ea73c94ddf32f8c0b371b0e771a5f'),(183,'Zaria','Zemlak','kprohaska@example.net',14,'c4a49413f027b9384dabb2cbcf2a6ccf127ab5a7'),(184,'Jaquelin','Johns','cathy.nitzsche@example.com',948589,'df03d9797919df44dcaf2d3b9cbfe5b00dd99335'),(185,'Giovani','Hudson','vada40@example.org',2227067847,'c4e0c48557cb2cc9475018059e353508b3fafc12'),(186,'Elvie','Tromp','fritsch.agustin@example.net',65,'8cee3927601725b4638564a4df04f651bfde6f2d'),(188,'Dorris','Hansen','corkery.marisa@example.com',1938460597,'d482fc0942a8fcd5314628390b9306d4759ce906'),(190,'Zetta','McKenzie','tillman.madalyn@example.net',98,'5d8e614a96cc72221b76c93e9c8f19248b2f6be3'),(191,'Triston','Mann','wweimann@example.com',356,'0c416f2f9095cc0873cb8e0a92ae1200fb8a185b'),(195,'Rod','Champlin','ggreenholt@example.net',780,'6e4a8f3d058adac53eb480e333efd71342a3e34f'),(197,'Keyon','Grant','lshields@example.org',3795437918,'463f3038166d846663d1f42ca18d79e3b0551db2'),(200,'Domingo','Reinger','uwyman@example.com',577,'26623d719c6180de4cd965f9d7dba7d471a1d8ff');
/*!40000 ALTER TABLE `users` ENABLE KEYS */;
UNLOCK TABLES;

--
-- Table structure for table `users_communities`
--

DROP TABLE IF EXISTS `users_communities`;
/*!40101 SET @saved_cs_client     = @@character_set_client */;
/*!50503 SET character_set_client = utf8mb4 */;
CREATE TABLE `users_communities` (
  `community_id` int NOT NULL,
  `user_id` int NOT NULL,
  PRIMARY KEY (`community_id`,`user_id`),
  KEY `fk_users_communities_communities1_idx` (`community_id`)
) ENGINE=InnoDB DEFAULT CHARSET=utf8mb4 COLLATE=utf8mb4_0900_ai_ci;
/*!40101 SET character_set_client = @saved_cs_client */;

--
-- Dumping data for table `users_communities`
--

LOCK TABLES `users_communities` WRITE;
/*!40000 ALTER TABLE `users_communities` DISABLE KEYS */;
INSERT INTO `users_communities` VALUES (1,101),(1,110),(1,111),(1,112),(1,127),(1,133),(1,134),(1,146),(1,149),(1,161),(1,162),(1,180),(1,182),(1,197),(1,200),(2,101),(2,102),(2,111),(2,112),(2,116),(2,133),(2,134),(2,135),(2,149),(2,151),(2,162),(2,165),(2,182),(2,183),(2,200),(3,101),(3,102),(3,103),(3,112),(3,116),(3,117),(3,134),(3,135),(3,137),(3,151),(3,152),(3,165),(3,169),(3,183),(3,184),(4,102),(4,103),(4,104),(4,116),(4,117),(4,118),(4,135),(4,137),(4,140),(4,152),(4,153),(4,169),(4,170),(4,184),(4,185),(5,103),(5,104),(5,105),(5,117),(5,118),(5,119),(5,137),(5,140),(5,141),(5,153),(5,155),(5,170),(5,171),(5,185),(5,186),(6,104),(6,105),(6,107),(6,118),(6,119),(6,120),(6,140),(6,141),(6,142),(6,155),(6,156),(6,171),(6,173),(6,186),(6,188),(7,105),(7,107),(7,108),(7,119),(7,120),(7,124),(7,141),(7,142),(7,143),(7,156),(7,157),(7,173),(7,176),(7,188),(7,190),(8,107),(8,108),(8,109),(8,120),(8,124),(8,125),(8,142),(8,143),(8,144),(8,157),(8,158),(8,176),(8,177),(8,190),(8,191),(9,108),(9,109),(9,110),(9,124),(9,125),(9,127),(9,143),(9,144),(9,145),(9,158),(9,160),(9,177),(9,179),(9,191),(9,195),(10,109),(10,110),(10,111),(10,125),(10,127),(10,133),(10,144),(10,145),(10,146),(10,160),(10,161),(10,179),(10,180),(10,195),(10,197);
/*!40000 ALTER TABLE `users_communities` ENABLE KEYS */;
UNLOCK TABLES;
/*!40103 SET TIME_ZONE=@OLD_TIME_ZONE */;

/*!40101 SET SQL_MODE=@OLD_SQL_MODE */;
/*!40014 SET FOREIGN_KEY_CHECKS=@OLD_FOREIGN_KEY_CHECKS */;
/*!40014 SET UNIQUE_CHECKS=@OLD_UNIQUE_CHECKS */;
/*!40101 SET CHARACTER_SET_CLIENT=@OLD_CHARACTER_SET_CLIENT */;
/*!40101 SET CHARACTER_SET_RESULTS=@OLD_CHARACTER_SET_RESULTS */;
/*!40101 SET COLLATION_CONNECTION=@OLD_COLLATION_CONNECTION */;
/*!40111 SET SQL_NOTES=@OLD_SQL_NOTES */;

-- Dump completed on 2020-09-30  0:30:46
